group,concentration_cfu_ml,time_min,R_mean,R_sd,R_N,G_mean,G_sd,G_N,B_mean,B_sd,B_N,RG_ratio_mean,RG_ratio_sd,RG_ratio_N,RB_ratio_mean,RB_ratio_sd,RB_ratio_N,GB_ratio_mean,GB_ratio_sd,GB_ratio_N
0 (Sterile Negative Control),0.0,0,196.720575,24.164523,4,195.960675,23.313973,4,232.683325,26.257468,4,1.006799,0.015584,4,0.937217,0.033145,4,0.931349,0.045018,4
0 (Sterile Negative Control),0.0,5,186.0395,25.464734,4,183.116475,26.337318,4,232.985025,26.07518,4,1.014847,0.018214,4,0.916152,0.032547,4,0.903027,0.038009,4
0 (Sterile Negative Control),0.0,10,178.710275,30.554947,4,173.860525,31.959296,4,232.22015,26.967825,4,1.024219,0.017608,4,0.904581,0.040809,4,0.883268,0.03917,4
0 (Sterile Negative Control),0.0,15,158.220475,43.356395,4,126.74485,45.816028,4,220.22265,41.24786,4,1.085462,0.108034,4,1.008098,0.044389,4,0.936946,0.115002,4
0 (Sterile Negative Control),0.0,20,158.10215,43.079663,4,126.4123,45.635831,4,220.22725,41.223503,4,1.079716,0.108746,4,1.011561,0.044122,4,0.945253,0.116,4
0 (Sterile Negative Control),0.0,25,157.713475,42.962569,4,126.60075,46.220757,4,220.2035,41.26187,4,1.072976,0.111117,4,1.013444,0.045798,4,0.953432,0.120259,4
0 (Sterile Negative Control),0.0,30,158.189925,43.301421,4,126.922775,46.761384,4,220.236225,41.219921,4,1.066954,0.115441,4,1.01639,0.046262,4,0.962362,0.125745,4
0 (Sterile Negative Control),0.0,35,158.375325,43.299053,4,127.020025,46.917629,4,220.301175,41.103765,4,1.060616,0.117713,4,1.019324,0.04847,4,0.971506,0.131386,4
0 (Sterile Negative Control),0.0,40,174.50365,30.577772,4,165.12145,30.739745,4,231.798725,27.561398,4,1.042022,0.019665,4,0.904732,0.045889,4,0.868337,0.043243,4
0 (Sterile Negative Control),0.0,45,170.72845,30.825801,4,158.71165,31.057252,4,231.489525,27.912268,4,1.0561,0.021404,4,0.904232,0.045413,4,0.856386,0.044327,4
0 (Sterile Negative Control),0.0,50,167.564525,31.018425,4,153.410025,31.018044,4,230.90055,28.63687,4,1.069568,0.02193,4,0.910676,0.043747,4,0.851726,0.044783,4
0 (Sterile Negative Control),0.0,55,166.2093,31.338688,4,150.181,31.160129,4,230.5514,28.934433,4,1.077426,0.023824,4,0.91648,0.04037,4,0.851054,0.045023,4
0 (Sterile Negative Control),0.0,60,165.176975,30.431604,4,147.784675,30.775738,4,230.3448,29.15952,4,1.084072,0.026038,4,0.921451,0.031081,4,0.850558,0.040948,4
0 (Sterile Negative Control),0.0,65,164.09075,31.099817,4,145.0961,30.742418,4,230.142825,29.340685,4,1.089304,0.029748,4,0.927946,0.02882,4,0.85261,0.042681,4
0 (Sterile Negative Control),0.0,70,164.0186,30.557697,4,143.988425,30.360018,4,230.1089,29.410556,4,1.090846,0.033494,4,0.935139,0.025789,4,0.85818,0.044148,4
0 (Sterile Negative Control),0.0,75,163.31365,29.995565,4,141.479075,28.746006,4,230.25955,29.249472,4,1.093486,0.034245,4,0.942686,0.025577,4,0.863126,0.046717,4
0 (Sterile Negative Control),0.0,80,162.694125,29.90261,4,140.271475,28.564177,4,230.277375,29.242715,4,1.092008,0.038526,4,0.948668,0.025269,4,0.869987,0.049816,4
0 (Sterile Negative Control),0.0,85,162.54675,29.796511,4,139.583,28.639503,4,230.3121,29.19778,4,1.090469,0.042312,4,0.955962,0.025807,4,0.87815,0.053883,4
0 (Sterile Negative Control),0.0,90,162.3824,29.686116,4,138.977175,28.804916,4,230.36035,29.134834,4,1.086637,0.045802,4,0.962244,0.02654,4,0.887308,0.058493,4
0 (Sterile Negative Control),0.0,95,161.955625,29.395776,4,138.0915,28.733203,4,230.432675,29.056948,4,1.083216,0.050516,4,0.971175,0.030131,4,0.898703,0.064384,4
0 (Sterile Negative Control),0.0,100,162.356125,29.597133,4,138.007225,29.044497,4,230.44075,29.03897,4,1.077668,0.053598,4,0.978504,0.031435,4,0.910384,0.068064,4
0 (Sterile Negative Control),0.0,105,155.944925,37.208352,4,130.06825,38.147058,4,224.240525,39.171919,4,1.10814,0.099437,4,0.919316,0.110877,4,0.836953,0.147219,4
0 (Sterile Negative Control),0.0,110,160.110025,41.538492,4,131.671125,39.720549,4,224.305325,39.106881,4,1.091478,0.106329,4,0.990369,0.034579,4,0.915108,0.108236,4
0 (Sterile Negative Control),0.0,115,160.1185,41.776904,4,131.752325,40.564985,4,224.215675,39.131307,4,1.086396,0.111902,4,0.994835,0.035494,4,0.924355,0.114292,4
0 (Sterile Negative Control),0.0,120,157.7794,43.01572,4,126.664525,45.366393,4,220.121925,41.395459,4,1.090909,0.102016,4,1.004016,0.04481,4,0.927642,0.109008,4
10^1,10.0,0,186.1146,18.703884,4,177.954025,23.209409,4,236.452475,22.019116,4,1.052702,0.042329,4,0.878749,0.116679,4,0.838684,0.138127,4
10^1,10.0,5,175.4362,19.376372,4,162.95645,27.027852,4,237.431975,21.267873,4,1.083733,0.086025,4,0.855046,0.122556,4,0.79849,0.164204,4
10^1,10.0,10,168.538325,22.649577,4,152.516675,34.605778,4,236.90025,21.724217,4,1.120818,0.14426,4,0.844784,0.122514,4,0.771201,0.185337,4
10^1,10.0,15,138.19675,19.156074,4,87.011375,29.451067,4,216.74345,35.236939,4,1.409074,0.274583,4,0.915693,0.112225,4,0.668643,0.143339,4
10^1,10.0,20,138.07105,18.888451,4,86.591575,29.582389,4,216.9796,35.307581,4,1.404833,0.267789,4,0.917792,0.114427,4,0.671382,0.142237,4
10^1,10.0,25,137.6637,18.569574,4,86.60225,29.700104,4,216.73865,35.01449,4,1.395046,0.259361,4,0.92004,0.115738,4,0.676859,0.141344,4
10^1,10.0,30,138.178075,18.63776,4,86.501725,29.819064,4,216.78025,35.002131,4,1.392719,0.261691,4,0.923779,0.118421,4,0.68088,0.142681,4
10^1,10.0,35,138.201925,18.503759,4,86.481475,29.810298,4,216.805775,34.852886,4,1.383572,0.258842,4,0.925734,0.119495,4,0.68669,0.143994,4
10^1,10.0,40,161.787175,19.544463,4,139.938,34.793612,4,236.47075,22.157011,4,1.174955,0.216813,4,0.831794,0.121737,4,0.73522,0.204305,4
10^1,10.0,45,157.31295,18.283279,4,131.77015,35.879405,4,236.257325,22.199881,4,1.220956,0.27405,4,0.826521,0.119768,4,0.71162,0.214501,4
10^1,10.0,50,154.221625,16.637974,4,125.166075,37.044837,4,235.0061,21.93943,4,1.27432,0.343216,4,0.833886,0.114585,4,0.697675,0.223735,4
10^1,10.0,55,152.183275,16.164508,4,120.7343,37.596105,4,234.434925,21.515964,4,1.306991,0.383716,4,0.835942,0.113457,4,0.688081,0.229374,4
10^1,10.0,60,147.7414,20.056188,4,117.4157,37.964987,4,229.9015,19.1367,4,1.293061,0.338027,4,0.83455,0.124811,4,0.688088,0.226674,4
10^1,10.0,65,146.25345,19.224624,4,114.70745,37.192956,4,229.511,19.197111,4,1.300991,0.334977,4,0.839239,0.125661,4,0.686646,0.224355,4
10^1,10.0,70,145.3088,18.433356,4,113.161475,36.202096,4,229.3642,19.242262,4,1.300116,0.329427,4,0.840844,0.124015,4,0.687147,0.221791,4
10^1,10.0,75,145.109775,16.96161,4,111.323425,35.467185,4,229.319125,19.243962,4,1.306336,0.326198,4,0.850588,0.118688,4,0.689608,0.21543,4
10^1,10.0,80,144.61835,16.278,4,110.238575,34.853199,4,229.242225,19.262634,4,1.305048,0.320405,4,0.856829,0.117891,4,0.693869,0.213093,4
10^1,10.0,85,144.150975,15.766449,4,109.0512,34.111016,4,229.1875,19.305107,4,1.305037,0.312119,4,0.862046,0.11981,4,0.696418,0.210942,4
10^1,10.0,90,144.114175,15.466003,4,108.04825,33.55007,4,229.2008,19.170582,4,1.305167,0.304238,4,0.868573,0.121001,4,0.699893,0.208429,4
10^1,10.0,95,143.6694,16.07423,4,106.958725,33.224945,4,229.260425,19.206087,4,1.302016,0.28779,4,0.876322,0.12738,4,0.705486,0.207283,4
10^1,10.0,100,144.486425,15.025193,4,106.193825,32.562864,4,229.0848,19.300303,4,1.306647,0.287581,4,0.887006,0.127426,4,0.710689,0.205391,4
10^1,10.0,105,135.272275,17.315656,4,94.655375,27.0701,4,221.32325,32.51731,4,1.350113,0.252994,4,0.828076,0.176615,4,0.631974,0.191047,4
10^1,10.0,110,141.246225,17.530337,4,94.78305,23.867085,4,222.91485,33.208147,4,1.36538,0.30859,4,0.897831,0.097003,4,0.684619,0.171102,4
10^1,10.0,115,141.248875,17.655148,4,94.88525,24.633129,4,222.71095,33.131242,4,1.357366,0.303655,4,0.902625,0.099387,4,0.691996,0.172919,4
10^1,10.0,120,137.582,18.595994,4,87.15885,29.405133,4,216.578425,35.030292,4,1.411681,0.26996,4,0.910673,0.112421,4,0.663245,0.141495,4
10^2,100.0,0,181.29365,12.579796,4,172.3953,15.186387,4,239.53215,17.936928,4,1.057485,0.058382,4,0.843915,0.09671,4,0.80334,0.13239,4
10^2,100.0,5,170.920425,14.151792,4,157.656675,16.414004,4,240.421,17.146433,4,1.086252,0.086309,4,0.819057,0.071294,4,0.761305,0.122978,4
10^2,100.0,10,163.69595,17.794474,4,147.274725,21.791515,4,239.72785,17.832228,4,1.113876,0.110681,4,0.807189,0.068073,4,0.734183,0.127754,4
10^2,100.0,15,133.761,21.304615,4,79.0326,19.462261,4,216.786225,31.638376,4,1.456788,0.110604,4,0.879334,0.070714,4,0.606824,0.073342,4
10^2,100.0,20,133.774625,21.074998,4,78.6462,19.690163,4,216.9606,31.85353,4,1.454411,0.106198,4,0.882578,0.073684,4,0.609783,0.073022,4
10^2,100.0,25,133.362025,20.476308,4,78.482525,19.993893,4,216.596475,31.699495,4,1.449148,0.101632,4,0.88549,0.076041,4,0.61373,0.072529,4
10^2,100.0,30,134.024325,20.707439,4,78.332125,20.153665,4,216.640325,31.721895,4,1.449382,0.104805,4,0.89003,0.078235,4,0.616872,0.074304,4
10^2,100.0,35,134.2808,20.419137,4,78.20065,20.320262,4,216.6563,31.702506,4,1.445718,0.10922,4,0.893863,0.081476,4,0.621284,0.07732,4
10^2,100.0,40,155.940425,13.114509,4,133.257575,21.942007,4,238.565575,19.032371,4,1.168404,0.156693,4,0.792322,0.076681,4,0.692866,0.149525,4
10^2,100.0,45,150.161375,11.23192,4,123.8857,22.181506,4,237.904725,19.192555,4,1.208733,0.18139,4,0.782031,0.083114,4,0.66436,0.159623,4
10^2,100.0,50,147.030625,10.820182,4,117.277325,23.761663,4,236.579775,19.046827,4,1.254537,0.220738,4,0.788137,0.079609,4,0.649393,0.166498,4
10^2,100.0,55,145.325,11.277993,4,112.1425,25.316835,4,235.692075,19.009757,4,1.297001,0.256494,4,0.792275,0.07909,4,0.635658,0.173143,4
10^2,100.0,60,140.850175,14.803435,4,108.6655,26.478527,4,230.726475,17.022008,4,1.28975,0.222306,4,0.791529,0.08926,4,0.635363,0.170585,4
10^2,100.0,65,139.9112,14.821928,4,106.535775,26.31091,4,230.411125,17.101056,4,1.298014,0.220077,4,0.798212,0.0924,4,0.636417,0.171582,4
10^2,100.0,70,139.3501,14.559086,4,104.9988,25.630788,4,230.1395,17.136235,4,1.302831,0.21749,4,0.802027,0.092069,4,0.636589,0.169954,4
10^2,100.0,75,139.3214,13.742817,4,103.262625,25.255415,4,230.01385,17.179979,4,1.311577,0.215507,4,0.812524,0.088797,4,0.639588,0.165852,4
10^2,100.0,80,138.883125,13.423009,4,101.873375,24.741004,4,229.89165,17.173607,4,1.316274,0.211784,4,0.818655,0.087266,4,0.641229,0.162629,4
10^2,100.0,85,138.6528,13.44322,4,100.65785,24.227492,4,229.713,17.267582,4,1.320862,0.205196,4,0.825118,0.08893,4,0.643087,0.160685,4
10^2,100.0,90,138.77785,13.482925,4,99.6604,23.792995,4,229.56115,17.346547,4,1.324309,0.198715,4,0.832873,0.090575,4,0.646423,0.158557,4
10^2,100.0,95,138.40425,13.860437,4,98.44315,23.532194,4,229.558325,17.362708,4,1.32596,0.188243,4,0.840672,0.09435,4,0.650471,0.157178,4
10^2,100.0,100,139.1537,13.233021,4,97.727275,22.933139,4,229.36405,17.461606,4,1.33033,0.183785,4,0.850423,0.09225,4,0.654791,0.152903,4
10^2,100.0,105,131.68365,15.11811,4,86.3408,13.893684,4,222.01815,27.311039,4,1.400707,0.137326,4,0.800064,0.155253,4,0.581498,0.161172,4
10^2,100.0,110,137.760425,17.431871,4,86.364775,10.848952,4,223.193025,27.749917,4,1.419361,0.170244,4,0.870234,0.07094,4,0.623054,0.118189,4
10^2,100.0,115,137.783825,17.50908,4,86.295575,12.277143,4,222.97565,27.746064,4,1.414342,0.165338,4,0.875098,0.073487,4,0.628244,0.117509,4
10^2,100.0,120,133.08575,20.709662,4,79.335675,19.144663,4,216.668175,31.502276,4,1.454822,0.102199,4,0.873826,0.07045,4,0.603527,0.071489,4
10^3,1000.0,0,193.057725,22.003543,4,190.741,21.076418,4,240.9226,17.380325,4,1.015248,0.020673,4,0.888416,0.072855,4,0.876111,0.084833,4
10^3,1000.0,5,180.482675,20.371455,4,175.943975,21.155498,4,242.5809,15.187303,4,1.024886,0.034501,4,0.85439,0.066427,4,0.835614,0.087142,4
10^3,1000.0,10,170.893425,25.603336,4,163.781925,28.819187,4,242.05245,16.088184,4,1.042179,0.058475,4,0.830204,0.060167,4,0.800422,0.094472,4
10^3,1000.0,15,142.231925,35.530632,4,101.344925,40.566272,4,222.94125,32.434851,4,1.248783,0.146132,4,0.893532,0.036582,4,0.725166,0.110953,4
10^3,1000.0,20,142.259425,35.370458,4,101.06445,40.69702,4,223.144625,32.52638,4,1.244128,0.141135,4,0.896667,0.037811,4,0.729996,0.110147,4
10^3,1000.0,25,142.03735,35.199134,4,101.0262,40.962266,4,222.95215,32.283873,4,1.239014,0.137491,4,0.899773,0.037088,4,0.735271,0.109759,4
10^3,1000.0,30,142.68105,35.260075,4,101.143175,41.169231,4,223.001575,32.292288,4,1.234742,0.134513,4,0.904072,0.036841,4,0.741013,0.10868,4
10^3,1000.0,35,142.822575,35.292167,4,101.15725,41.259065,4,223.07165,32.189386,4,1.226784,0.130168,4,0.906387,0.036967,4,0.74739,0.108084,4
10^3,1000.0,40,162.524275,23.210585,4,149.478175,27.569405,4,240.84585,18.059262,4,1.078258,0.086633,4,0.811852,0.051169,4,0.759017,0.101543,4
10^3,1000.0,45,157.569725,22.774648,4,140.225925,28.400936,4,240.4106,18.757572,4,1.112916,0.110079,4,0.804705,0.047378,4,0.7311,0.108517,4
10^3,1000.0,50,154.047075,22.235387,4,133.14255,30.512141,4,239.743825,19.679017,4,1.150111,0.145347,4,0.807924,0.046526,4,0.714017,0.121776,4
10^3,1000.0,55,152.70515,23.135264,4,128.574,33.003168,4,239.384425,20.449663,4,1.181063,0.17659,4,0.812608,0.050353,4,0.703072,0.134135,4
10^3,1000.0,60,148.8899,24.617952,4,124.5733,35.663082,4,235.089525,18.201241,4,1.189068,0.176634,4,0.814227,0.06148,4,0.700472,0.141111,4
10^3,1000.0,65,147.945,24.978642,4,121.7541,36.357509,4,234.547575,18.577257,4,1.20413,0.183815,4,0.821688,0.062551,4,0.698706,0.142717,4
10^3,1000.0,70,147.4341,24.686696,4,120.263475,36.003873,4,234.2745,18.410347,4,1.207469,0.180477,4,0.826194,0.062915,4,0.700089,0.141636,4
10^3,1000.0,75,147.399075,24.482324,4,118.654325,36.11349,4,234.0832,18.560001,4,1.212823,0.17876,4,0.837004,0.057287,4,0.705193,0.136533,4
10^3,1000.0,80,147.133825,24.344247,4,117.66505,35.945949,4,234.07565,18.464982,4,1.213303,0.174792,4,0.844085,0.05599,4,0.710073,0.133496,4
10^3,1000.0,85,146.987425,24.399325,4,117.03145,35.802878,4,233.939875,18.569239,4,1.211107,0.168927,4,0.851039,0.056506,4,0.716395,0.131485,4
10^3,1000.0,90,147.08545,24.440301,4,116.416625,35.738641,4,234.0392,18.470349,4,1.209514,0.166731,4,0.857744,0.055865,4,0.722549,0.130072,4
10^3,1000.0,95,146.743975,24.569838,4,115.8786,35.856897,4,234.180275,18.409673,4,1.20335,0.158415,4,0.865605,0.060488,4,0.73202,0.129711,4
10^3,1000.0,100,147.289375,24.447581,4,115.6243,35.539591,4,234.06115,18.429414,4,1.199591,0.157137,4,0.873735,0.057967,4,0.740842,0.128158,4
10^3,1000.0,105,161.260025,63.024542,4,134.138275,81.585567,4,229.0584,20.807696,4,1.178002,0.169531,4,0.896016,0.085513,4,0.779158,0.176968,4
10^3,1000.0,110,147.4823,26.47312,4,108.64695,28.259418,4,230.2925,21.446712,4,1.22278,0.146605,4,0.893492,0.039331,4,0.739805,0.103019,4
10^3,1000.0,115,147.557475,26.627073,4,108.847325,29.314711,4,230.166375,21.379786,4,1.215817,0.144181,4,0.898217,0.040002,4,0.748009,0.105343,4
10^3,1000.0,120,141.583975,35.194735,4,101.285425,40.379633,4,222.8418,32.250617,4,1.254019,0.148354,4,0.88823,0.038647,4,0.718084,0.111592,4
10^4,10000.0,0,199.131175,14.32823,4,197.9284,15.748725,4,242.42935,17.512527,4,1.01005,0.023779,4,0.913612,0.08138,4,0.904247,0.072111,4
10^4,10000.0,5,190.495775,8.267925,4,187.492575,11.457738,4,243.905025,15.325412,4,1.0151,0.02821,4,0.902023,0.094592,4,0.888164,0.083073,4
10^4,10000.0,10,183.20915,11.246655,4,178.9629,13.984455,4,244.058525,15.43581,4,1.019462,0.02791,4,0.891171,0.100437,4,0.873532,0.087158,4
10^4,10000.0,15,159.9083,30.2852,4,129.3533,26.477044,4,233.8153,27.588931,4,1.056767,0.131835,4,0.968786,0.085289,4,0.936114,0.210108,4
10^4,10000.0,20,159.96745,30.014581,4,128.89625,26.391316,4,233.84305,27.521657,4,1.053776,0.135191,4,0.973104,0.087078,4,0.943951,0.216564,4
10^4,10000.0,25,159.95245,29.858037,4,128.959975,26.822393,4,233.787975,27.508273,4,1.050661,0.141764,4,0.977299,0.085886,4,0.952505,0.224271,4
10^4,10000.0,30,160.304025,30.191098,4,129.0099,27.245521,4,233.82935,27.44684,4,1.045974,0.146925,4,0.979438,0.087509,4,0.960566,0.23357,4
10^4,10000.0,35,160.5323,30.050511,4,128.89815,27.393387,4,233.9159,27.352802,4,1.042242,0.152261,4,0.982536,0.08812,4,0.968722,0.241934,4
10^4,10000.0,40,177.825075,9.943233,4,169.867475,11.015363,4,243.369125,16.856726,4,1.031386,0.034114,4,0.888066,0.108044,4,0.860653,0.096098,4
10^4,10000.0,45,174.190375,10.328146,4,164.15845,10.454289,4,243.4343,16.855112,4,1.040158,0.039818,4,0.888151,0.113521,4,0.854,0.106268,4
10^4,10000.0,50,171.0979,11.046103,4,159.401125,10.270952,4,243.327975,17.044028,4,1.04894,0.043926,4,0.893728,0.116828,4,0.852788,0.114932,4
10^4,10000.0,55,169.478875,11.423188,4,156.08475,9.752772,4,243.3133,17.167712,4,1.054393,0.048121,4,0.897818,0.123427,4,0.85299,0.127358,4
10^4,10000.0,60,166.8373,11.94434,4,152.2126,10.44581,4,243.075575,16.771493,4,1.059843,0.053008,4,0.894108,0.128121,4,0.846349,0.140685,4
10^4,10000.0,65,165.956675,12.521369,4,149.800375,10.526217,4,243.150625,17.090923,4,1.06397,0.058295,4,0.901471,0.133042,4,0.851075,0.152729,4
10^4,10000.0,70,165.494525,12.695093,4,148.389575,10.066803,4,243.211925,16.90929,4,1.064462,0.06256,4,0.905113,0.130144,4,0.855115,0.158066,4
10^4,10000.0,75,165.791075,13.238948,4,146.824575,10.328184,4,243.366025,16.91122,4,1.067191,0.06764,4,0.917227,0.128592,4,0.865219,0.163549,4
10^4,10000.0,80,165.514425,13.452603,4,145.817975,10.149417,4,243.433325,16.83107,4,1.066119,0.070867,4,0.924571,0.12783,4,0.873915,0.170128,4
10^4,10000.0,85,165.32385,13.79378,4,144.9189,10.350553,4,243.359,16.822416,4,1.065448,0.07413,4,0.931715,0.129115,4,0.882122,0.177823,4
10^4,10000.0,90,165.2594,14.072662,4,144.30875,10.314315,4,243.368375,16.722232,4,1.061839,0.077539,4,0.938407,0.130187,4,0.892518,0.186592,4
10^4,10000.0,95,164.848225,14.368331,4,143.23765,10.828704,4,243.64975,16.630444,4,1.0598,0.08278,4,0.94605,0.130725,4,0.902695,0.194891,4
10^4,10000.0,100,165.241925,14.648498,4,143.083675,10.618127,4,243.547875,16.533383,4,1.054332,0.083993,4,0.953465,0.13101,4,0.915039,0.200306,4
10^4,10000.0,105,161.750675,19.592351,4,136.14215,19.050761,4,239.6977,18.00822,4,1.088703,0.110279,4,0.904969,0.176228,4,0.851092,0.266096,4
10^4,10000.0,110,166.08495,23.492199,4,138.2886,19.584926,4,239.707425,17.986936,4,1.068409,0.109583,4,0.974797,0.123623,4,0.92934,0.224911,4
10^4,10000.0,115,166.248675,23.530942,4,138.178475,20.332675,4,239.618525,18.095524,4,1.065523,0.116382,4,0.980347,0.124163,4,0.938888,0.234425,4
10^4,10000.0,120,159.42935,29.84423,4,129.474925,26.07488,4,233.820125,27.617922,4,1.060186,0.122967,4,0.964242,0.086968,4,0.926718,0.200782,4
10^5,100000.0,0,184.639125,24.579144,4,178.539625,32.018832,4,246.3573,10.67482,4,1.045507,0.072856,4,0.840783,0.187456,4,0.812276,0.214811,4
10^5,100000.0,5,175.71365,23.79817,4,165.794875,34.029494,4,247.01615,9.230356,4,1.072207,0.110466,4,0.825818,0.179738,4,0.78433,0.227947,4
10^5,100000.0,10,168.947825,19.82493,4,157.241375,32.050486,4,246.238225,9.985842,4,1.087345,0.13597,4,0.818269,0.163961,4,0.76949,0.222029,4
10^5,100000.0,15,151.76595,16.164616,4,102.06615,19.971514,4,227.557075,22.006049,4,1.287249,0.223662,4,0.95878,0.155559,4,0.779185,0.2709,4
10^5,100000.0,20,152.0652,16.334452,4,101.64505,19.872867,4,227.7297,21.785582,4,1.2855,0.221986,4,0.963771,0.15833,4,0.784408,0.274649,4
10^5,100000.0,25,151.917775,16.667987,4,101.5108,19.536988,4,227.25595,21.736112,4,1.28074,0.222476,4,0.968695,0.158879,4,0.791822,0.278891,4
10^5,100000.0,30,152.52375,17.041189,4,101.2341,19.258782,4,227.20935,21.65963,4,1.28029,0.226779,4,0.973163,0.161735,4,0.797314,0.286895,4
10^5,100000.0,35,152.83485,17.311836,4,101.0983,19.054937,4,227.118525,21.474426,4,1.275904,0.228816,4,0.97737,0.163056,4,0.804452,0.292842,4
10^5,100000.0,40,163.8266,19.529678,4,147.221125,32.491137,4,243.025725,10.371411,4,1.118796,0.157039,4,0.821227,0.159092,4,0.753434,0.221753,4
10^5,100000.0,45,160.7502,18.320939,4,141.18025,31.544135,4,241.82915,11.144245,4,1.140864,0.168481,4,0.826634,0.1569,4,0.74535,0.222839,4
10^5,100000.0,50,158.331725,17.395744,4,136.2803,31.017656,4,241.093075,11.656467,4,1.162497,0.177913,4,0.836566,0.158761,4,0.741737,0.226515,4
10^5,100000.0,55,156.455625,17.332833,4,132.1607,30.925802,4,240.7674,12.058667,4,1.178787,0.183446,4,0.83975,0.165439,4,0.73581,0.233456,4
10^5,100000.0,60,151.45875,23.30477,4,127.277175,33.804842,4,234.96815,17.921068,4,1.181141,0.173675,4,0.839531,0.170831,4,0.733931,0.237287,4
10^5,100000.0,65,150.72165,22.555602,4,124.2082,33.806506,4,234.792,17.929253,4,1.199347,0.183966,4,0.848953,0.180305,4,0.733062,0.247612,4
10^5,100000.0,70,150.093325,22.665775,4,122.14985,34.297859,4,234.617675,18.044938,4,1.21049,0.196683,4,0.852227,0.179707,4,0.73238,0.256834,4
10^5,100000.0,75,151.2273,20.115435,4,120.715,33.755483,4,234.929925,17.376091,4,1.225156,0.209509,4,0.869523,0.178885,4,0.740001,0.262003,4
10^5,100000.0,80,151.12495,19.891597,4,119.2787,33.704203,4,234.813125,17.438228,4,1.232848,0.215071,4,0.878455,0.180445,4,0.744266,0.267585,4
10^5,100000.0,85,150.9659,19.804671,4,117.988025,33.739908,4,234.5009,17.421526,4,1.23944,0.221031,4,0.886527,0.18307,4,0.748856,0.275081,4
10^5,100000.0,90,151.043275,19.718793,4,117.018175,33.759376,4,234.3964,17.504495,4,1.242535,0.225125,4,0.894656,0.186845,4,0.755423,0.28378,4
10^5,100000.0,95,150.81625,20.215452,4,116.1054,33.988734,4,234.446425,17.306104,4,1.242396,0.226436,4,0.903498,0.188958,4,0.764153,0.291649,4
10^5,100000.0,100,151.2903,19.559842,4,115.50175,33.741257,4,234.236,17.463448,4,1.242719,0.228326,4,0.912116,0.188801,4,0.77179,0.295454,4
10^5,100000.0,105,151.183825,19.165288,4,110.758225,28.667489,4,232.5906,14.575078,4,1.284486,0.226016,4,0.888562,0.259309,4,0.736257,0.345056,4
10^5,100000.0,110,157.859275,13.814758,4,111.93725,25.896392,4,233.68975,11.491788,4,1.287752,0.234718,4,0.960473,0.180172,4,0.785778,0.302528,4
10^5,100000.0,115,158.198175,13.688824,4,111.8343,25.304684,4,233.99065,12.077051,4,1.28322,0.232389,4,0.966258,0.185305,4,0.793487,0.309029,4
10^5,100000.0,120,150.995975,15.558948,4,102.2311,20.26363,4,227.340675,21.88237,4,1.289045,0.217764,4,0.952775,0.153178,4,0.771422,0.261863,4
10^6,1000000.0,0,175.50355,27.361179,4,167.2639,33.722517,4,243.0306,10.96806,4,1.06092,0.07143,4,0.80792,0.171881,4,0.770509,0.203939,4
10^6,1000000.0,5,164.454125,25.270345,4,150.084925,35.17505,4,242.1287,7.197503,4,1.111652,0.119813,4,0.787069,0.1701,4,0.723203,0.215306,4
10^6,1000000.0,10,157.683425,22.092691,4,139.731275,33.636449,4,240.8576,8.188545,4,1.14735,0.153924,4,0.780572,0.166341,4,0.698977,0.216723,4
10^6,1000000.0,15,153.03935,13.767166,4,87.7055,25.599196,4,216.2374,15.823187,4,1.565504,0.419276,4,1.017026,0.163177,4,0.71035,0.306553,4
10^6,1000000.0,20,153.744,14.161458,4,87.01085,25.656594,4,216.31955,15.419431,4,1.575562,0.426083,4,1.025114,0.165072,4,0.712709,0.31037,4
10^6,1000000.0,25,154.054,14.545245,4,86.586575,25.335781,4,215.835875,15.627512,4,1.579931,0.427994,4,1.03371,0.166306,4,0.717176,0.31332,4
10^6,1000000.0,30,155.3193,15.224978,4,86.32925,25.059785,4,215.9416,15.351074,4,1.586424,0.434217,4,1.041854,0.16862,4,0.72162,0.319778,4
10^6,1000000.0,35,156.2257,15.767473,4,85.97135,24.89757,4,215.7744,15.171551,4,1.591651,0.43812,4,1.050693,0.170975,4,0.726423,0.324719,4
10^6,1000000.0,40,153.395525,22.599065,4,128.9009,36.571322,4,236.7065,8.092844,4,1.213037,0.212559,4,0.788903,0.165475,4,0.676652,0.228705,4
10^6,1000000.0,45,151.160225,22.755028,4,123.0093,37.877351,4,235.10615,8.948192,4,1.258929,0.259592,4,0.798828,0.168415,4,0.667088,0.240771,4
10^6,1000000.0,50,149.745925,22.346344,4,118.3499,39.027352,4,234.4,9.439533,4,1.30613,0.305795,4,0.812558,0.168774,4,0.661137,0.251747,4
10^6,1000000.0,55,149.001175,22.531904,4,115.183775,39.987556,4,233.995925,10.102964,4,1.337186,0.333635,4,0.821346,0.17479,4,0.65837,0.264345,4
10^6,1000000.0,60,143.623625,31.401922,4,111.922,42.684004,4,226.46075,21.910243,4,1.314395,0.278568,4,0.822166,0.186646,4,0.665235,0.268553,4
10^6,1000000.0,65,143.860725,30.822073,4,110.106375,42.664683,4,226.215875,21.989178,4,1.333829,0.290612,4,0.836902,0.19348,4,0.670141,0.279148,4
10^6,1000000.0,70,144.030325,30.697502,4,108.808175,42.719858,4,226.0005,22.133745,4,1.346613,0.301993,4,0.844362,0.188711,4,0.672285,0.28326,4
10^6,1000000.0,75,145.86835,29.121619,4,108.284525,42.842044,4,226.1615,21.404207,4,1.363252,0.318352,4,0.866772,0.189918,4,0.684697,0.294109,4
10^6,1000000.0,80,146.404275,28.650688,4,107.22495,43.003824,4,226.000725,21.426109,4,1.378412,0.334234,4,0.879359,0.187239,4,0.690323,0.301236,4
10^6,1000000.0,85,146.83625,28.394905,4,106.2075,43.158386,4,225.552075,21.445258,4,1.392622,0.349332,4,0.891403,0.187103,4,0.695958,0.309368,4
10^6,1000000.0,90,147.7097,27.956302,4,105.393325,43.348061,4,225.55285,21.468311,4,1.407,0.365826,4,0.903935,0.187253,4,0.702151,0.318045,4
10^6,1000000.0,95,148.14895,28.120973,4,104.47525,43.603725,4,225.313775,21.512353,4,1.418173,0.378914,4,0.917855,0.186393,4,0.71012,0.325763,4
10^6,1000000.0,100,149.56115,26.978016,4,103.929975,43.641436,4,225.137375,21.542133,4,1.433114,0.397179,4,0.932655,0.183074,4,0.717423,0.332522,4
10^6,1000000.0,105,148.26665,23.507786,4,97.4635,37.077957,4,221.498375,17.340533,4,1.498262,0.414139,4,0.911328,0.257648,4,0.684806,0.373738,4
10^6,1000000.0,110,156.31495,15.200108,4,98.368825,35.07853,4,222.434725,13.367543,4,1.522724,0.435231,4,0.996704,0.165817,4,0.725534,0.33883,4
10^6,1000000.0,115,157.1057,15.018538,4,98.1585,34.68831,4,222.7539,13.877011,4,1.524165,0.436263,4,1.005327,0.170058,4,0.73229,0.345911,4
10^6,1000000.0,120,207.759825,57.531297,4,189.369925,88.646931,4,202.296925,46.861204,4,1.111415,0.559813,4,1.564474,0.72533,4,1.800014,1.287557,4
10^6,1000000.0,125,151.624075,13.246075,4,88.146625,25.678174,4,216.018575,16.20359,4,1.802165,0.396104,4,0.703992,0.067244,4,0.407434,0.108358,4
10^7,10000000.0,0,182.7198,31.616088,4,169.46785,39.572072,4,236.3207,13.109639,4,1.096042,0.095837,4,0.868866,0.218768,4,0.806945,0.254632,4
10^7,10000000.0,5,171.032075,31.175604,4,151.4051,43.373361,4,234.646825,12.666087,4,1.160624,0.173548,4,0.844954,0.198141,4,0.75495,0.26602,4
10^7,10000000.0,10,166.31175,29.688158,4,141.661975,45.55469,4,232.7916,14.459578,4,1.227774,0.27257,4,0.851568,0.198195,4,0.734346,0.284303,4
10^7,10000000.0,15,215.29255,34.49887,4,91.841925,33.709754,4,210.78765,21.785486,4,2.249289,1.001233,4,1.45178,0.148952,4,0.785241,0.457785,4
10^7,10000000.0,20,215.921925,33.560598,4,91.3112,33.692231,4,210.94255,21.67461,4,2.252079,0.993824,4,1.4615,0.15018,4,0.789287,0.462983,4
10^7,10000000.0,25,216.912275,32.480873,4,91.07845,33.235386,4,210.5776,21.827926,4,2.253139,0.977259,4,1.47843,0.1574,4,0.795696,0.466851,4
10^7,10000000.0,30,218.148325,31.381007,4,90.786125,32.835282,4,210.731175,21.973144,4,2.249652,0.955911,4,1.487468,0.159022,4,0.80061,0.473774,4
10^7,10000000.0,35,219.5799,30.172175,4,90.319775,32.486857,4,210.6983,21.722565,4,2.25339,0.936889,4,1.501944,0.167249,4,0.804611,0.478242,4
10^7,10000000.0,40,163.9775,32.403948,4,131.827525,49.326632,4,228.339175,12.06366,4,1.317773,0.371673,4,0.873024,0.205034,4,0.718779,0.30862,4
10^7,10000000.0,45,162.8663,32.936647,4,126.31585,50.349089,4,226.833925,12.907388,4,1.375708,0.423279,4,0.890586,0.209078,4,0.711692,0.323955,4
10^7,10000000.0,50,162.947875,32.322678,4,122.342575,50.446132,4,226.05525,13.616366,4,1.429118,0.463415,4,0.915493,0.210065,4,0.710844,0.334231,4
10^7,10000000.0,55,163.8692,31.964811,4,119.57185,50.531077,4,225.615225,13.951331,4,1.468012,0.478633,4,0.93551,0.215594,4,0.711886,0.347073,4
10^7,10000000.0,60,158.943775,41.620482,4,116.8084,52.146514,4,217.320825,27.157959,4,1.429398,0.368863,4,0.945068,0.226708,4,0.723786,0.344751,4
10^7,10000000.0,65,160.443975,40.812581,4,114.902575,51.893309,4,217.129225,27.109379,4,1.462973,0.385507,4,0.969759,0.234773,4,0.729766,0.358157,4
10^7,10000000.0,70,161.963075,40.353361,4,113.127525,51.62657,4,216.803975,27.119321,4,1.496578,0.405539,4,0.987704,0.230674,4,0.730292,0.362786,4
10^7,10000000.0,75,164.94085,38.26156,4,112.1627,51.653345,4,216.92785,26.379564,4,1.531861,0.432165,4,1.02016,0.229493,4,0.741212,0.374217,4
10^7,10000000.0,80,167.112975,37.145554,4,110.447625,51.591872,4,216.86395,26.466598,4,1.576451,0.463674,4,1.04493,0.224901,4,0.743464,0.382287,4
10^7,10000000.0,85,170.910275,34.577775,4,108.833975,51.591282,4,216.49345,26.183352,4,1.645429,0.52314,4,1.080547,0.21366,4,0.746412,0.392788,4
10^7,10000000.0,90,177.21505,30.140294,4,107.27035,51.76726,4,216.742475,25.90267,4,1.74892,0.619985,4,1.12901,0.193664,4,0.748753,0.405794,4
10^7,10000000.0,95,185.149825,24.587937,4,105.937775,51.723818,4,217.37,25.507637,4,1.873343,0.742085,4,1.190709,0.164557,4,0.753462,0.4172,4
10^7,10000000.0,100,195.6256,16.508971,4,105.365325,50.88811,4,218.795925,24.203436,4,2.006308,0.879133,4,1.257183,0.133564,4,0.757513,0.423085,4
10^7,10000000.0,105,200.3553,24.622454,4,96.34315,48.283988,4,213.7867,28.452182,4,2.242268,1.018593,4,1.266221,0.255403,4,0.707981,0.45815,4
10^7,10000000.0,110,215.742,36.673562,4,98.188675,45.722438,4,214.750575,26.141859,4,2.261048,1.035443,4,1.411378,0.158348,4,0.756404,0.424044,4
10^7,10000000.0,115,217.361625,36.131516,4,98.26645,45.114952,4,214.89965,26.512633,4,2.25449,1.016795,4,1.427428,0.152392,4,0.765399,0.429857,4
10^7,10000000.0,120,214.495375,35.631359,4,92.2065,33.920637,4,210.5066,21.954599,4,2.253446,1.018147,4,1.444802,0.156851,4,0.778751,0.447408,4
10^8 (Positive Control),100000000.0,0,200.50115,28.27506,4,187.46205,26.990937,4,227.781425,14.556578,4,1.073846,0.033147,4,0.986082,0.202722,4,0.921472,0.204285,4
10^8 (Positive Control),100000000.0,5,194.51075,27.090958,4,173.097,28.113493,4,227.5303,15.093373,4,1.125959,0.061341,4,0.990281,0.18618,4,0.887284,0.206474,4
10^8 (Positive Control),100000000.0,10,193.036725,25.506515,4,165.285525,24.462877,4,227.11415,15.503122,4,1.164852,0.065194,4,1.013924,0.195803,4,0.877573,0.206246,4
10^8 (Positive Control),100000000.0,15,248.348075,12.826575,4,128.648975,21.607924,4,210.0939,15.98923,4,1.69246,0.407437,4,1.699596,0.25234,4,1.066004,0.385024,4
10^8 (Positive Control),100000000.0,20,248.02535,13.363141,4,127.649375,22.135996,4,210.123175,15.994349,4,1.693109,0.411539,4,1.703847,0.255121,4,1.071207,0.397663,4
10^8 (Positive Control),100000000.0,25,247.82105,13.742484,4,128.01975,22.362678,4,209.7769,16.026518,4,1.682537,0.417138,4,1.712074,0.254793,4,1.085209,0.405924,4
10^8 (Positive Control),100000000.0,30,247.58725,14.212329,4,128.062,22.516578,4,209.767825,16.019412,4,1.67021,0.421803,4,1.71165,0.260882,4,1.09588,0.41983,4
10^8 (Positive Control),100000000.0,35,247.35525,14.754507,4,127.90725,22.663916,4,209.7188,15.91949,4,1.660422,0.423883,4,1.713937,0.264146,4,1.10577,0.42989,4
10^8 (Positive Control),100000000.0,40,194.85265,29.175729,4,155.83845,29.456615,4,223.851325,14.831076,4,1.240496,0.10239,4,1.058966,0.201464,4,0.865922,0.221712,4
10^8 (Positive Control),100000000.0,45,198.576125,29.478942,4,149.963075,31.56032,4,222.5478,14.61003,4,1.315176,0.151541,4,1.10727,0.203948,4,0.860668,0.237908,4
10^8 (Positive Control),100000000.0,50,208.49595,28.727257,4,145.5402,33.094554,4,221.676525,14.071067,4,1.434142,0.250282,4,1.193381,0.196098,4,0.861535,0.250581,4
10^8 (Positive Control),100000000.0,55,220.768875,19.545661,4,143.80965,32.16185,4,220.98625,13.503959,4,1.545842,0.352235,4,1.28346,0.151733,4,0.871814,0.25492,4
10^8 (Positive Control),100000000.0,60,227.550575,12.871175,4,142.831075,29.481107,4,217.154325,14.33058,4,1.597776,0.38864,4,1.358991,0.110911,4,0.892619,0.240677,4
10^8 (Positive Control),100000000.0,65,231.824675,13.562629,4,142.84835,26.354326,4,217.1584,14.065661,4,1.604341,0.354124,4,1.403289,0.118658,4,0.911437,0.235708,4
10^8 (Positive Control),100000000.0,70,233.633875,13.545707,4,141.945875,24.34315,4,216.897625,13.528394,4,1.608573,0.318172,4,1.426644,0.121709,4,0.9192,0.230453,4
10^8 (Positive Control),100000000.0,75,237.05,13.415885,4,140.9534,23.38002,4,216.684675,12.752129,4,1.622811,0.296743,4,1.46822,0.139055,4,0.935023,0.234682,4
10^8 (Positive Control),100000000.0,80,237.918825,12.201528,4,139.63995,22.297925,4,216.08185,12.06903,4,1.630237,0.277113,4,1.49323,0.143907,4,0.94469,0.237045,4
10^8 (Positive Control),100000000.0,85,239.87745,10.39439,4,137.577,21.270859,4,214.77405,11.62882,4,1.655344,0.257347,4,1.528591,0.151929,4,0.951309,0.244407,4
10^8 (Positive Control),100000000.0,90,242.3402,10.118728,4,135.1666,19.96551,4,212.7698,11.776881,4,1.686388,0.240932,4,1.572689,0.175083,4,0.959752,0.254047,4
10^8 (Positive Control),100000000.0,95,244.482075,11.296798,4,132.200575,18.886245,4,210.0973,11.894347,4,1.72516,0.239249,4,1.628048,0.204192,4,0.971163,0.266464,4
10^8 (Positive Control),100000000.0,100,245.329825,11.736245,4,130.016775,17.894631,4,207.2976,13.205996,4,1.743852,0.238168,4,1.66721,0.232308,4,0.983712,0.277631,4
10^8 (Positive Control),100000000.0,105,245.2447,10.553308,4,124.2136,18.421781,4,206.4664,12.765776,4,1.831867,0.304013,4,1.620756,0.404367,4,0.923006,0.358311,4
10^8 (Positive Control),100000000.0,110,248.807475,11.656026,4,127.8985,17.661168,4,206.1536,12.216374,4,1.754642,0.309523,4,1.714796,0.270345,4,1.009257,0.295124,4
10^8 (Positive Control),100000000.0,115,248.843275,11.84968,4,127.601275,17.988777,4,206.255825,12.271972,4,1.751309,0.321599,4,1.722683,0.280205,4,1.018688,0.310345,4
10^8 (Positive Control),100000000.0,120,248.59085,12.252912,4,128.669225,21.258369,4,209.8959,16.037835,4,1.705125,0.400102,4,1.698413,0.243237,4,1.053852,0.368574,4
