group,concentration_cfu_ml,time_min,cv_R_mean,cv_R_sd,cv_R_N,cv_G_mean,cv_G_sd,cv_G_N,cv_B_mean,cv_B_sd,cv_B_N,cv_RG_mean,cv_RG_sd,cv_RG_N,cv_RB_mean,cv_RB_sd,cv_RB_N,cv_GB_mean,cv_GB_sd,cv_GB_N,sd_flag_mean,sd_flag_sd,sd_flag_N
0 (Sterile Negative Control),0.0,0,0.0,0.0,4,0.0,0.0,4,0.0,0.0,4,0.0,0.0,4,0.0,0.0,4,0.0,0.0,4,0.0,0.0,4
0 (Sterile Negative Control),0.0,0.016888,0.011557,0.0,1,0.028565,0.0,1,0.0,0.0,1,,,0,,,0,,,0,,,0
0 (Sterile Negative Control),0.0,0.017475,0.026285,0.0,1,0.038956,0.0,1,0.0,0.0,1,,,0,,,0,,,0,,,0
0 (Sterile Negative Control),0.0,0.019762,0.084563,0.0,1,0.098414,0.0,1,2.0,0.0,1,,,0,115.0,0.0,1,,,0,,,0
0 (Sterile Negative Control),0.0,0.046701,0.01655,0.0,1,0.034815,0.0,1,5.0,0.0,1,,,0,25.0,0.0,1,,,0,,,0
0 (Sterile Negative Control),0.0,5,0.040367,0.021174,4,0.049634,0.020726,4,0.001542,0.002376,4,0.005608,0.002602,4,0.017784,0.020196,4,0.021679,0.020587,4,0.0,0.0,4
0 (Sterile Negative Control),0.0,10,0.051671,0.030825,4,0.064623,0.033913,4,0.002311,0.002738,4,0.008997,0.002485,4,0.021034,0.022059,4,0.026844,0.025321,4,0.0,0.0,4
0 (Sterile Negative Control),0.0,15,0.07001,0.088048,4,0.127095,0.120911,4,0.018844,0.037687,4,0.033113,0.05242,4,0.036287,0.033724,4,0.03947,0.037387,4,0.0,0.0,4
0 (Sterile Negative Control),0.0,20,0.076902,0.099111,4,0.146006,0.141707,4,0.021062,0.042124,4,0.034072,0.055418,4,0.038371,0.035683,4,0.042335,0.038536,4,0.0,0.0,4
0 (Sterile Negative Control),0.0,25,0.07859,0.102521,4,0.151807,0.150416,4,0.0214,0.042799,4,0.033113,0.053839,4,0.037871,0.035286,4,0.042705,0.037718,4,0.25,0.5,4
0 (Sterile Negative Control),0.0,30,0.077792,0.102743,4,0.15258,0.153933,4,0.021106,0.042211,4,0.032056,0.051398,4,0.03686,0.034204,4,0.042402,0.036428,4,0.25,0.5,4
0 (Sterile Negative Control),0.0,35,0.07619,0.101589,4,0.151318,0.154851,4,0.020547,0.041094,4,0.031163,0.048668,4,0.035737,0.033039,4,0.041887,0.035149,4,0.25,0.5,4
0 (Sterile Negative Control),0.0,40,0.071361,0.095109,4,0.141761,0.144447,4,0.020276,0.040552,4,0.032606,0.047722,4,0.037768,0.034988,4,0.04239,0.034969,4,0.25,0.5,4
0 (Sterile Negative Control),0.0,45,0.06083,0.073044,4,0.131094,0.113229,4,0.020086,0.038877,4,0.035089,0.041231,4,0.040236,0.034311,4,0.041686,0.027835,4,0.25,0.5,4
0 (Sterile Negative Control),0.0,50,0.05153,0.0607,4,0.116533,0.096553,4,0.019545,0.03688,4,0.036302,0.034831,4,0.039208,0.035386,4,0.039052,0.031241,4,0.0,0.0,4
0 (Sterile Negative Control),0.0,55,0.045244,0.054637,4,0.102782,0.089188,4,0.019387,0.0353,4,0.036555,0.02951,4,0.038194,0.033243,4,0.037833,0.035121,4,0.0,0.0,4
0 (Sterile Negative Control),0.0,60,0.044788,0.051038,4,0.098958,0.081534,4,0.019117,0.034261,4,0.037701,0.027509,4,0.039456,0.031136,4,0.038891,0.037903,4,0.0,0.0,4
0 (Sterile Negative Control),0.0,65,0.043654,0.045166,4,0.093373,0.070257,4,0.018045,0.031631,4,0.037202,0.024633,4,0.038896,0.027417,4,0.038746,0.037983,4,0.0,0.0,4
0 (Sterile Negative Control),0.0,70,0.040279,0.03667,4,0.084838,0.055666,4,0.015812,0.027132,4,0.034443,0.021109,4,0.036244,0.022536,4,0.03664,0.034327,4,0.0,0.0,4
0 (Sterile Negative Control),0.0,75,0.03508,0.024657,4,0.074406,0.035779,4,0.012094,0.019919,4,0.028873,0.015947,4,0.03136,0.016034,4,0.031568,0.025229,4,0.0,0.0,4
0 (Sterile Negative Control),0.0,80,0.024226,0.006575,4,0.057012,0.011944,4,0.003006,0.003494,4,0.017186,0.009177,4,0.02119,0.009778,4,0.013577,0.005911,4,0.0,0.0,4
0 (Sterile Negative Control),0.0,85,0.016771,0.005841,4,0.045021,0.01296,4,0.002188,0.002575,4,0.012707,0.008217,4,0.02213,0.010983,4,0.015836,0.009097,4,0.0,0.0,4
0 (Sterile Negative Control),0.0,90,0.011429,0.006634,4,0.035719,0.015567,4,0.00117,0.00153,4,0.009818,0.006977,4,0.021572,0.011304,4,0.018461,0.011867,4,0.0,0.0,4
0 (Sterile Negative Control),0.0,95,0.009276,0.007986,4,0.029845,0.018579,4,0.000683,0.000814,4,0.009456,0.005597,4,0.021033,0.011762,4,0.021214,0.01458,4,0.0,0.0,4
0 (Sterile Negative Control),0.0,100,0.007641,0.007196,4,0.024779,0.019231,4,0.00059,0.000695,4,0.010279,0.004303,4,0.020574,0.011497,4,0.024085,0.016075,4,0.0,0.0,4
0 (Sterile Negative Control),0.0,105,0.0205,0.027392,4,0.039412,0.039667,4,0.010915,0.020833,4,0.01657,0.011552,4,0.033084,0.030863,4,0.04043,0.032036,4,0.0,0.0,4
0 (Sterile Negative Control),0.0,110,0.028164,0.037322,4,0.044695,0.055109,4,0.014449,0.027991,4,0.021066,0.013817,4,0.033756,0.031644,4,0.045501,0.030865,4,0.0,0.0,4
0 (Sterile Negative Control),0.0,115,0.033236,0.043312,4,0.046723,0.066651,4,0.016475,0.032326,4,0.024275,0.014534,4,0.033848,0.032799,4,0.04901,0.030894,4,0.25,0.5,4
0 (Sterile Negative Control),0.0,120,0.040619,0.042571,4,0.06325,0.068448,4,0.023878,0.032759,4,0.025206,0.014383,4,0.034739,0.033774,4,0.050187,0.032433,4,0.25,0.5,4
10^1,10.0,0,0.0,0.0,4,0.0,0.0,4,0.0,0.0,4,0.0,0.0,4,0.0,0.0,4,0.0,0.0,4,0.0,0.0,4
10^1,10.0,0.013345,0.083281,0.0,1,0.093518,0.0,1,3.0,0.0,1,,,0,110.0,0.0,1,,,0,,,0
10^1,10.0,0.019506,0.052185,0.0,1,0.040495,0.0,1,0.0,0.0,1,,,0,,,0,,,0,,,0
10^1,10.0,0.065458,0.032137,0.0,1,0.045727,0.0,1,0.0,0.0,1,,,0,,,0,,,0,,,0
10^1,10.0,0.077553,0.015913,0.0,1,0.087296,0.0,1,0.0,0.0,1,,,0,,,0,,,0,,,0
10^1,10.0,5,0.042368,0.017145,4,0.065334,0.036837,4,0.003086,0.005321,4,0.019358,0.02704,4,0.020195,0.011822,4,0.03953,0.03586,4,0.0,0.0,4
10^1,10.0,10,0.052969,0.016425,4,0.085951,0.052901,4,0.00226,0.003735,4,0.029318,0.041556,4,0.021358,0.013743,4,0.050189,0.050851,4,0.0,0.0,4
10^1,10.0,15,0.027133,0.054266,4,0.046407,0.092814,4,0.0,0.0,4,0.012144,0.024288,4,0.004266,0.008532,4,0.014762,0.029524,4,0.0,0.0,4
10^1,10.0,20,0.030324,0.060647,4,0.053305,0.10661,4,0.0,0.0,4,0.012807,0.025614,4,0.004013,0.008026,4,0.015756,0.031512,4,0.0,0.0,4
10^1,10.0,25,0.030881,0.061762,4,0.055166,0.110331,4,0.0,0.0,4,0.01235,0.024699,4,0.003732,0.007464,4,0.015406,0.030811,4,0.0,0.0,4
10^1,10.0,30,0.030655,0.06131,4,0.055243,0.110486,4,0.0,0.0,4,0.011663,0.023326,4,0.003521,0.007042,4,0.01476,0.02952,4,0.0,0.0,4
10^1,10.0,35,0.030093,0.060186,4,0.054574,0.109148,4,0.0,0.0,4,0.010952,0.021904,4,0.00334,0.006681,4,0.014018,0.028035,4,0.0,0.0,4
10^1,10.0,40,0.028274,0.056548,4,0.05115,0.1023,4,0.0,0.0,4,0.01047,0.020941,4,0.004476,0.008952,4,0.013206,0.026412,4,0.0,0.0,4
10^1,10.0,45,0.03541,0.037242,4,0.079005,0.066943,4,0.000879,0.001148,4,0.028734,0.024603,4,0.007074,0.00878,4,0.030992,0.022552,4,0.0,0.0,4
10^1,10.0,50,0.035115,0.02856,4,0.086292,0.052356,4,0.003416,0.002972,4,0.037064,0.035528,4,0.011763,0.010142,4,0.03448,0.028444,4,0.0,0.0,4
10^1,10.0,55,0.031147,0.016374,4,0.084044,0.039065,4,0.00419,0.004183,4,0.03863,0.041384,4,0.012794,0.010159,4,0.034344,0.033926,4,0.0,0.0,4
10^1,10.0,60,0.040862,0.011536,4,0.088686,0.04061,4,0.011282,0.01767,4,0.036746,0.03574,4,0.013171,0.009361,4,0.034554,0.031838,4,0.0,0.0,4
10^1,10.0,65,0.043539,0.012236,4,0.091417,0.039663,4,0.013131,0.021009,4,0.036138,0.031252,4,0.013664,0.008128,4,0.034298,0.029333,4,0.0,0.0,4
10^1,10.0,70,0.044414,0.012459,4,0.092044,0.037957,4,0.013802,0.022265,4,0.035394,0.027531,4,0.013077,0.00678,4,0.033409,0.026924,4,0.0,0.0,4
10^1,10.0,75,0.043854,0.011512,4,0.092434,0.036301,4,0.01396,0.02263,4,0.035343,0.024253,4,0.013945,0.005929,4,0.032034,0.024475,4,0.0,0.0,4
10^1,10.0,80,0.042906,0.011177,4,0.092095,0.035034,4,0.013916,0.022624,4,0.034985,0.021571,4,0.01363,0.008611,4,0.029896,0.022737,4,0.0,0.0,4
10^1,10.0,85,0.034332,0.012947,4,0.070136,0.019552,4,0.012665,0.021287,4,0.023925,0.008897,4,0.015074,0.010073,4,0.0185,0.01418,4,0.0,0.0,4
10^1,10.0,90,0.027441,0.012747,4,0.052208,0.007545,4,0.010211,0.01809,4,0.016321,0.002013,4,0.016385,0.010711,4,0.017172,0.014933,4,0.0,0.0,4
10^1,10.0,95,0.02114,0.010742,4,0.040387,0.008592,4,0.007466,0.013235,4,0.015274,0.006421,4,0.018841,0.010351,4,0.019079,0.018355,4,0.0,0.0,4
10^1,10.0,100,0.01266,0.006133,4,0.031752,0.013752,4,0.001288,0.00147,4,0.012169,0.007219,4,0.021753,0.01039,4,0.020617,0.017831,4,0.0,0.0,4
10^1,10.0,105,0.027367,0.038563,4,0.050144,0.054745,4,0.01375,0.025642,4,0.022177,0.022654,4,0.038833,0.027573,4,0.052832,0.026917,4,0.0,0.0,4
10^1,10.0,110,0.048795,0.052013,4,0.063919,0.074808,4,0.020027,0.033619,4,0.026348,0.02971,4,0.043166,0.027606,4,0.058206,0.027905,4,0.25,0.5,4
10^1,10.0,115,0.057296,0.061862,4,0.071082,0.089814,4,0.023317,0.038712,4,0.028068,0.032726,4,0.04419,0.02887,4,0.060864,0.030238,4,0.25,0.5,4
10^1,10.0,120,0.066669,0.061533,4,0.099305,0.094742,4,0.033809,0.038181,4,0.043966,0.03228,4,0.045879,0.029014,4,0.066759,0.027507,4,0.25,0.5,4
10^2,100.0,0,0.0,0.0,4,0.0,0.0,4,0.0,0.0,4,0.0,0.0,4,0.0,0.0,4,0.0,0.0,4,0.0,0.0,4
10^2,100.0,0.016324,0.083815,0.0,1,0.093995,0.0,1,12.0,0.0,1,,,0,25.0,0.0,1,,,0,,,0
10^2,100.0,0.022245,0.056797,0.0,1,0.038251,0.0,1,0.0,0.0,1,,,0,,,0,,,0,,,0
10^2,100.0,0.050546,0.022964,0.0,1,0.042058,0.0,1,0.0,0.0,1,,,0,,,0,,,0,,,0
10^2,100.0,0.115941,0.011477,0.0,1,0.111864,0.0,1,3.0,0.0,1,,,0,110.0,0.0,1,,,0,,,0
10^2,100.0,5,0.042204,0.015753,4,0.063956,0.0135,4,0.003052,0.005713,4,0.018113,0.017374,4,0.02142,0.023665,4,0.037802,0.016214,4,0.0,0.0,4
10^2,100.0,10,0.053134,0.026538,4,0.082983,0.032991,4,0.002549,0.003904,4,0.025987,0.02236,4,0.023236,0.023061,4,0.046935,0.027075,4,0.0,0.0,4
10^2,100.0,15,0.022838,0.045677,4,0.05435,0.1087,4,0.0,0.0,4,0.027808,0.055616,4,0.001374,0.002749,4,0.024083,0.048166,4,0.0,0.0,4
10^2,100.0,20,0.025701,0.051402,4,0.063085,0.12617,4,0.0,0.0,4,0.028899,0.057798,4,0.001582,0.003163,4,0.026436,0.052872,4,0.0,0.0,4
10^2,100.0,25,0.026237,0.052474,4,0.065763,0.131526,4,0.0,0.0,4,0.027794,0.055588,4,0.001621,0.003242,4,0.02636,0.05272,4,0.25,0.5,4
10^2,100.0,30,0.026014,0.052027,4,0.066229,0.132458,4,0.0,0.0,4,0.026387,0.052774,4,0.001627,0.003254,4,0.025643,0.051286,4,0.25,0.5,4
10^2,100.0,35,0.025492,0.050983,4,0.065637,0.131274,4,0.0,0.0,4,0.024912,0.049823,4,0.001619,0.003238,4,0.024611,0.049222,4,0.25,0.5,4
10^2,100.0,40,0.023837,0.047674,4,0.061283,0.122566,4,0.0,0.0,4,0.024196,0.048393,4,0.006058,0.012116,4,0.023057,0.046114,4,0.25,0.5,4
10^2,100.0,45,0.034525,0.031215,4,0.084467,0.085858,4,0.001999,0.002045,4,0.034499,0.033566,4,0.012782,0.020825,4,0.035472,0.031867,4,0.25,0.5,4
10^2,100.0,50,0.035063,0.021005,4,0.090014,0.063662,4,0.004307,0.00376,4,0.04028,0.028492,4,0.017624,0.024061,4,0.038193,0.026983,4,0.25,0.5,4
10^2,100.0,55,0.028676,0.004786,4,0.084877,0.034175,4,0.005496,0.005039,4,0.042662,0.028185,4,0.019373,0.025469,4,0.036988,0.023257,4,0.25,0.5,4
10^2,100.0,60,0.039636,0.014908,4,0.092384,0.035672,4,0.013329,0.018939,4,0.041668,0.023495,4,0.021298,0.024171,4,0.038804,0.023816,4,0.25,0.5,4
10^2,100.0,65,0.043053,0.019404,4,0.095932,0.036319,4,0.015264,0.022605,4,0.040761,0.020316,4,0.022227,0.021306,4,0.038803,0.02391,4,0.25,0.5,4
10^2,100.0,70,0.044576,0.021403,4,0.09766,0.035891,4,0.016028,0.024195,4,0.040218,0.017661,4,0.021488,0.017726,4,0.038153,0.02342,4,0.25,0.5,4
10^2,100.0,75,0.044773,0.020994,4,0.099043,0.035288,4,0.016253,0.024764,4,0.040389,0.015584,4,0.020592,0.012136,4,0.036682,0.022248,4,0.0,0.0,4
10^2,100.0,80,0.044773,0.020322,4,0.100239,0.03442,4,0.016241,0.024978,4,0.040849,0.014207,4,0.0181,0.004555,4,0.034544,0.020271,4,0.0,0.0,4
10^2,100.0,85,0.032128,0.024591,4,0.075829,0.028352,4,0.014548,0.023678,4,0.030246,0.006129,4,0.020592,0.004663,4,0.018383,0.011987,4,0.0,0.0,4
10^2,100.0,90,0.024222,0.022876,4,0.057599,0.017944,4,0.011829,0.020487,4,0.021544,0.004222,4,0.021839,0.004345,4,0.013038,0.01039,4,0.0,0.0,4
10^2,100.0,95,0.017856,0.017564,4,0.044458,0.010694,4,0.008552,0.015355,4,0.018318,0.004375,4,0.023063,0.004103,4,0.014626,0.012195,4,0.0,0.0,4
10^2,100.0,100,0.007526,0.006237,4,0.036099,0.011647,4,0.002092,0.002838,4,0.01471,0.008387,4,0.024829,0.00496,4,0.017215,0.012043,4,0.0,0.0,4
10^2,100.0,105,0.021661,0.034973,4,0.056211,0.054427,4,0.013114,0.02234,4,0.029141,0.033786,4,0.037778,0.02666,4,0.051532,0.031949,4,0.0,0.0,4
10^2,100.0,110,0.042671,0.048331,4,0.068915,0.077213,4,0.017828,0.029996,4,0.037042,0.042964,4,0.042553,0.028434,4,0.058612,0.036013,4,0.25,0.5,4
10^2,100.0,115,0.050577,0.057593,4,0.07627,0.094248,4,0.020649,0.034576,4,0.039626,0.048837,4,0.043862,0.030793,4,0.062863,0.040638,4,0.5,0.57735,4
10^2,100.0,120,0.064178,0.052827,4,0.103129,0.102331,4,0.031272,0.034833,4,0.051264,0.045631,4,0.043763,0.032909,4,0.071542,0.037003,4,0.5,0.57735,4
10^3,1000.0,0,0.0,0.0,4,0.0,0.0,4,0.0,0.0,4,0.0,0.0,4,0.0,0.0,4,0.0,0.0,4,0.0,0.0,4
10^3,1000.0,0.010675,0.044731,0.0,1,0.047812,0.0,1,0.0,0.0,1,,,0,,,0,,,0,,,0
10^3,1000.0,0.042176,0.022325,0.0,1,0.05633,0.0,1,0.0,0.0,1,,,0,,,0,,,0,,,0
10^3,1000.0,0.04304,0.009605,0.0,1,0.038277,0.0,1,0.0,0.0,1,,,0,,,0,,,0,,,0
10^3,1000.0,0.0434,0.040493,0.0,1,0.089227,0.0,1,4.0,0.0,1,,,0,105.0,0.0,1,,,0,,,0
10^3,1000.0,5,0.047497,0.010933,4,0.057641,0.012071,4,0.005202,0.007116,4,0.007549,0.009498,4,0.02744,0.009511,4,0.033927,0.011412,4,0.0,0.0,4
10^3,1000.0,10,0.064363,0.021946,4,0.081032,0.032038,4,0.003865,0.005066,4,0.01401,0.019437,4,0.034206,0.018384,4,0.046827,0.02503,4,0.0,0.0,4
10^3,1000.0,15,0.06502,0.090329,4,0.09809,0.122624,4,0.011505,0.02301,4,0.026704,0.033932,4,0.017126,0.019869,4,0.019663,0.030584,4,0.0,0.0,4
10^3,1000.0,20,0.072812,0.102366,4,0.113374,0.143064,4,0.012736,0.025472,4,0.028599,0.036512,4,0.017241,0.020468,4,0.020242,0.032602,4,0.0,0.0,4
10^3,1000.0,25,0.074513,0.105487,4,0.11834,0.15059,4,0.012848,0.025696,4,0.028166,0.036365,4,0.016868,0.020232,4,0.02001,0.0322,4,0.0,0.0,4
10^3,1000.0,30,0.074022,0.105352,4,0.119372,0.153034,4,0.012623,0.025246,4,0.027188,0.035458,4,0.016459,0.019836,4,0.019723,0.031138,4,0.0,0.0,4
10^3,1000.0,35,0.072636,0.10379,4,0.118688,0.153156,4,0.012272,0.024544,4,0.026092,0.034385,4,0.016092,0.019396,4,0.019557,0.029855,4,0.0,0.0,4
10^3,1000.0,40,0.068264,0.097653,4,0.111474,0.14411,4,0.012472,0.024944,4,0.02599,0.03501,4,0.019738,0.023842,4,0.022958,0.02869,4,0.0,0.0,4
10^3,1000.0,45,0.067166,0.073159,4,0.126178,0.100639,4,0.013951,0.024613,4,0.040198,0.022812,4,0.02528,0.026458,4,0.04126,0.008549,4,0.0,0.0,4
10^3,1000.0,50,0.060674,0.060347,4,0.126395,0.080075,4,0.014584,0.024002,4,0.047807,0.022376,4,0.027822,0.029459,4,0.049334,0.014203,4,0.0,0.0,4
10^3,1000.0,55,0.052155,0.055391,4,0.119706,0.075901,4,0.015117,0.023584,4,0.051644,0.027635,4,0.02915,0.030996,4,0.055561,0.02152,4,0.0,0.0,4
10^3,1000.0,60,0.05799,0.047493,4,0.12475,0.068616,4,0.022442,0.021228,4,0.053522,0.026794,4,0.031282,0.02874,4,0.058361,0.024553,4,0.0,0.0,4
10^3,1000.0,65,0.057368,0.040972,4,0.124841,0.060411,4,0.023473,0.020679,4,0.054578,0.024826,4,0.031093,0.025909,4,0.058151,0.025911,4,0.0,0.0,4
10^3,1000.0,70,0.054041,0.033269,4,0.120127,0.051247,4,0.022693,0.019295,4,0.053027,0.021925,4,0.028638,0.022239,4,0.055176,0.025805,4,0.0,0.0,4
10^3,1000.0,75,0.04821,0.023591,4,0.112013,0.043889,4,0.020414,0.017111,4,0.049381,0.019973,4,0.02561,0.014592,4,0.048738,0.024954,4,0.0,0.0,4
10^3,1000.0,80,0.038665,0.014558,4,0.095305,0.052484,4,0.013276,0.017971,4,0.039676,0.026498,4,0.017753,0.005389,4,0.034291,0.030216,4,0.0,0.0,4
10^3,1000.0,85,0.028002,0.016447,4,0.072704,0.044029,4,0.01213,0.01761,4,0.028467,0.017824,4,0.021107,0.005529,4,0.022426,0.020011,4,0.0,0.0,4
10^3,1000.0,90,0.020428,0.015483,4,0.054203,0.031104,4,0.010223,0.016066,4,0.018206,0.008607,4,0.022561,0.005171,4,0.016601,0.011791,4,0.0,0.0,4
10^3,1000.0,95,0.01554,0.01191,4,0.04011,0.019457,4,0.007505,0.012524,4,0.01144,0.004454,4,0.023516,0.005338,4,0.018531,0.011417,4,0.0,0.0,4
10^3,1000.0,100,0.008644,0.006233,4,0.02745,0.013001,4,0.001741,0.002188,4,0.009459,0.002135,4,0.024568,0.006536,4,0.023233,0.013847,4,0.0,0.0,4
10^3,1000.0,105,0.052986,0.064791,4,0.08704,0.09137,4,0.008356,0.014342,4,0.023407,0.016355,4,0.029545,0.014478,4,0.049359,0.034474,4,0.25,0.5,4
10^3,1000.0,110,0.069738,0.057694,4,0.096376,0.091272,4,0.012009,0.018764,4,0.025776,0.017078,4,0.031104,0.015797,4,0.052709,0.030175,4,0.25,0.5,4
10^3,1000.0,115,0.075706,0.057755,4,0.101113,0.093206,4,0.013984,0.021483,4,0.027429,0.017335,4,0.030394,0.016305,4,0.053513,0.027027,4,0.25,0.5,4
10^3,1000.0,120,0.093731,0.033361,4,0.132816,0.07397,4,0.026296,0.024688,4,0.034823,0.016107,4,0.029288,0.016329,4,0.057912,0.022141,4,0.25,0.5,4
10^4,10000.0,0,0.0,0.0,4,0.0,0.0,4,0.0,0.0,4,0.0,0.0,4,0.0,0.0,4,0.0,0.0,4,0.0,0.0,4
10^4,10000.0,0.013091,0.084386,0.0,1,0.094729,0.0,1,3.0,0.0,1,,,0,110.0,0.0,1,,,0,,,0
10^4,10000.0,0.024183,0.025988,0.0,1,0.050429,0.0,1,0.0,0.0,1,,,0,,,0,,,0,,,0
10^4,10000.0,0.031998,0.021459,0.0,1,0.041025,0.0,1,0.0,0.0,1,,,0,,,0,,,0,,,0
10^4,10000.0,0.061118,0.030227,0.0,1,0.031921,0.0,1,0.0,0.0,1,,,0,,,0,,,0,,,0
10^4,10000.0,5,0.032021,0.024349,4,0.037541,0.017612,4,0.004646,0.007071,4,0.004582,0.003553,4,0.01371,0.014679,4,0.014806,0.013651,4,0.0,0.0,4
10^4,10000.0,10,0.043307,0.025738,4,0.051645,0.020292,4,0.004056,0.005585,4,0.005933,0.004749,4,0.015854,0.016909,4,0.018774,0.017303,4,0.0,0.0,4
10^4,10000.0,15,0.065154,0.071605,4,0.126599,0.1033,4,0.007746,0.015492,4,0.039332,0.042711,4,0.035663,0.025649,4,0.033065,0.030427,4,0.0,0.0,4
10^4,10000.0,20,0.069715,0.080938,4,0.145158,0.121015,4,0.008556,0.017113,4,0.041534,0.046105,4,0.03764,0.027688,4,0.035484,0.033053,4,0.0,0.0,4
10^4,10000.0,25,0.069868,0.083311,4,0.150626,0.127963,4,0.008668,0.017335,4,0.040673,0.046039,4,0.037599,0.027653,4,0.035902,0.032987,4,0.0,0.0,4
10^4,10000.0,30,0.068496,0.083258,4,0.151288,0.130609,4,0.00852,0.01704,4,0.03898,0.044913,4,0.036735,0.027024,4,0.03576,0.032241,4,0.0,0.0,4
10^4,10000.0,35,0.066601,0.081996,4,0.150036,0.131243,4,0.008273,0.016546,4,0.037244,0.043648,4,0.035776,0.02622,4,0.035502,0.031238,4,0.0,0.0,4
10^4,10000.0,40,0.020733,0.023952,4,0.066248,0.078162,4,0.0,0.0,4,0.011474,0.013315,4,0.028144,0.03325,4,0.020493,0.023756,4,0.0,0.0,4
10^4,10000.0,45,0.024264,0.010923,4,0.064301,0.050667,4,0.00019,0.000352,4,0.010318,0.009984,4,0.032295,0.030858,4,0.028372,0.024043,4,0.0,0.0,4
10^4,10000.0,50,0.027616,0.010414,4,0.05683,0.032659,4,0.000396,0.000496,4,0.010209,0.007316,4,0.033131,0.03055,4,0.03314,0.026478,4,0.0,0.0,4
10^4,10000.0,55,0.028555,0.014783,4,0.047102,0.016159,4,0.00053,0.000684,4,0.010326,0.005063,4,0.033793,0.028885,4,0.038339,0.027546,4,0.0,0.0,4
10^4,10000.0,60,0.03169,0.01855,4,0.048283,0.014139,4,0.000879,0.000695,4,0.013131,0.006701,4,0.035067,0.030356,4,0.042884,0.031501,4,0.0,0.0,4
10^4,10000.0,65,0.033678,0.019225,4,0.049689,0.01287,4,0.000994,0.000765,4,0.016161,0.00788,4,0.03491,0.028953,4,0.045754,0.031971,4,0.0,0.0,4
10^4,10000.0,70,0.034064,0.018415,4,0.050838,0.013767,4,0.000985,0.000772,4,0.018958,0.007561,4,0.032189,0.025322,4,0.045112,0.029473,4,0.0,0.0,4
10^4,10000.0,75,0.032358,0.014531,4,0.05248,0.015643,4,0.000951,0.000742,4,0.02104,0.006764,4,0.027131,0.017993,4,0.040139,0.022256,4,0.0,0.0,4
10^4,10000.0,80,0.027694,0.010835,4,0.054067,0.017816,4,0.000951,0.000713,4,0.021903,0.004288,4,0.016858,0.005581,4,0.023302,0.016577,4,0.0,0.0,4
10^4,10000.0,85,0.021008,0.009378,4,0.044018,0.015462,4,0.000856,0.000687,4,0.02003,0.003942,4,0.018452,0.004988,4,0.021649,0.016902,4,0.0,0.0,4
10^4,10000.0,90,0.01606,0.007619,4,0.0353,0.01295,4,0.00081,0.000657,4,0.017991,0.006576,4,0.019694,0.005703,4,0.021621,0.018122,4,0.0,0.0,4
10^4,10000.0,95,0.013154,0.006881,4,0.028598,0.011307,4,0.000898,0.000812,4,0.016232,0.009259,4,0.021307,0.006764,4,0.022935,0.018848,4,0.0,0.0,4
10^4,10000.0,100,0.011061,0.006419,4,0.021401,0.009025,4,0.000906,0.000871,4,0.014463,0.011366,4,0.022927,0.007846,4,0.026027,0.019058,4,0.0,0.0,4
10^4,10000.0,105,0.014452,0.014955,4,0.029824,0.032418,4,0.006343,0.010516,4,0.022527,0.016324,4,0.037631,0.027023,4,0.047209,0.028238,4,0.0,0.0,4
10^4,10000.0,110,0.02292,0.022079,4,0.037139,0.043596,4,0.008197,0.014231,4,0.027685,0.018563,4,0.039173,0.02779,4,0.052361,0.026212,4,0.25,0.5,4
10^4,10000.0,115,0.02596,0.026324,4,0.041114,0.051275,4,0.009214,0.01645,4,0.030857,0.020337,4,0.039163,0.02922,4,0.054775,0.026177,4,0.25,0.5,4
10^4,10000.0,120,0.040906,0.02666,4,0.063134,0.051113,4,0.018013,0.020259,4,0.032598,0.020535,4,0.040515,0.029466,4,0.054526,0.027847,4,0.25,0.5,4
10^5,100000.0,0,0.0,0.0,4,0.0,0.0,4,0.0,0.0,4,0.0,0.0,4,0.0,0.0,4,0.0,0.0,4,0.0,0.0,4
10^5,100000.0,0.014418,0.056722,0.0,1,0.043043,0.0,1,0.0,0.0,1,,,0,,,0,,,0,,,0
10^5,100000.0,0.015107,0.022708,0.0,1,0.037009,0.0,1,0.0,0.0,1,,,0,,,0,,,0,,,0
10^5,100000.0,0.021446,0.085102,0.0,1,0.094629,0.0,1,3.0,0.0,1,,,0,110.0,0.0,1,,,0,,,0
10^5,100000.0,0.06088,0.061828,0.0,1,0.00666,0.0,1,3.0,0.0,1,,,0,25.0,0.0,1,,,0,,,0
10^5,100000.0,5,0.035224,0.013047,4,0.055212,0.023443,4,0.006342,0.004978,4,0.021184,0.019361,4,0.012762,0.010628,4,0.028325,0.017637,4,0.0,0.0,4
10^5,100000.0,10,0.045394,0.011911,4,0.068286,0.021664,4,0.006834,0.005558,4,0.022724,0.023378,4,0.015599,0.010008,4,0.0314,0.014454,4,0.0,0.0,4
10^5,100000.0,15,0.021002,0.042004,4,0.047454,0.094908,4,0.002643,0.005286,4,0.029893,0.059786,4,0.027237,0.054474,4,0.006541,0.013082,4,0.0,0.0,4
10^5,100000.0,20,0.021878,0.043756,4,0.054418,0.108836,4,0.002829,0.005658,4,0.031879,0.063758,4,0.029138,0.058276,4,0.00592,0.01184,4,0.0,0.0,4
10^5,100000.0,25,0.021463,0.042926,4,0.056605,0.11321,4,0.002848,0.005695,4,0.031476,0.062952,4,0.029074,0.058149,4,0.005353,0.010706,4,0.25,0.5,4
10^5,100000.0,30,0.020711,0.041422,4,0.057069,0.114138,4,0.002803,0.005606,4,0.03052,0.061039,4,0.028378,0.056756,4,0.004918,0.009836,4,0.25,0.5,4
10^5,100000.0,35,0.019871,0.039742,4,0.056744,0.113488,4,0.002728,0.005456,4,0.029409,0.058819,4,0.02756,0.055119,4,0.004555,0.00911,4,0.25,0.5,4
10^5,100000.0,40,0.0,0.0,4,0.0,0.0,4,0.0,0.0,4,0.0,0.0,4,0.0,0.0,4,0.0,0.0,4,0.0,0.0,4
10^5,100000.0,45,0.013073,0.003839,4,0.029809,0.007703,4,0.004286,0.002334,4,0.013205,0.010561,4,0.007389,0.00479,4,0.008148,0.009116,4,0.0,0.0,4
10^5,100000.0,50,0.016741,0.005162,4,0.039143,0.009852,4,0.004839,0.002382,4,0.018447,0.011952,4,0.010536,0.005754,4,0.009338,0.010451,4,0.0,0.0,4
10^5,100000.0,55,0.019682,0.004281,4,0.04747,0.011097,4,0.004969,0.002503,4,0.021916,0.013067,4,0.011386,0.00476,4,0.013367,0.010545,4,0.0,0.0,4
10^5,100000.0,60,0.0329,0.019486,4,0.060426,0.017502,4,0.014706,0.019979,4,0.023116,0.014658,4,0.01335,0.003481,4,0.014881,0.012149,4,0.0,0.0,4
10^5,100000.0,65,0.036184,0.023428,4,0.068786,0.022708,4,0.016668,0.023399,4,0.025366,0.016114,4,0.015613,0.00356,4,0.017841,0.013106,4,0.0,0.0,4
10^5,100000.0,70,0.037667,0.024994,4,0.074652,0.02646,4,0.017331,0.024573,4,0.027442,0.018043,4,0.016828,0.00378,4,0.020832,0.014468,4,0.0,0.0,4
10^5,100000.0,75,0.036924,0.022778,4,0.078387,0.027807,4,0.017219,0.024231,4,0.030031,0.019402,4,0.020456,0.00447,4,0.02261,0.015247,4,0.0,0.0,4
10^5,100000.0,80,0.036125,0.020776,4,0.081294,0.028735,4,0.016981,0.023716,4,0.031954,0.020438,4,0.023925,0.006057,4,0.02403,0.016155,4,0.0,0.0,4
10^5,100000.0,85,0.029239,0.020655,4,0.069844,0.028239,4,0.014945,0.022272,4,0.028303,0.017928,4,0.025457,0.008627,4,0.023022,0.014583,4,0.0,0.0,4
10^5,100000.0,90,0.023055,0.019249,4,0.058917,0.025444,4,0.012833,0.019735,4,0.025551,0.015477,4,0.02649,0.011249,4,0.02339,0.013196,4,0.0,0.0,4
10^5,100000.0,95,0.01744,0.015478,4,0.047852,0.020417,4,0.009852,0.014763,4,0.024091,0.011846,4,0.028211,0.012046,4,0.023801,0.012308,4,0.0,0.0,4
10^5,100000.0,100,0.012291,0.010686,4,0.034861,0.014841,4,0.00237,0.001668,4,0.022558,0.008226,4,0.029501,0.012299,4,0.02423,0.012451,4,0.0,0.0,4
10^5,100000.0,105,0.010152,0.010594,4,0.035491,0.015066,4,0.004327,0.00331,4,0.027532,0.013612,4,0.04838,0.021164,4,0.043778,0.037287,4,0.0,0.0,4
10^5,100000.0,110,0.022643,0.036937,4,0.039538,0.018058,4,0.008372,0.005486,4,0.02893,0.017677,4,0.054153,0.022113,4,0.045665,0.035645,4,0.25,0.5,4
10^5,100000.0,115,0.026138,0.045426,4,0.041051,0.021723,4,0.009379,0.00678,4,0.029056,0.0203,4,0.055575,0.024022,4,0.045784,0.035705,4,0.25,0.5,4
10^5,100000.0,120,0.041827,0.047281,4,0.062513,0.028855,4,0.019421,0.013707,4,0.027963,0.022172,4,0.05659,0.025745,4,0.045335,0.036516,4,0.25,0.5,4
10^6,1000000.0,0,0.0,0.0,4,0.0,0.0,4,0.0,0.0,4,0.0,0.0,4,0.0,0.0,4,0.0,0.0,4,0.0,0.0,4
10^6,1000000.0,0.061582,0.113791,0.0,1,0.139342,0.0,1,5.0,0.0,1,,,0,105.0,0.0,1,,,0,,,0
10^6,1000000.0,0.193487,0.390817,0.0,1,0.645525,0.0,1,2.0,0.0,1,,,0,120.0,0.0,1,,,0,,,0
10^6,1000000.0,0.283575,0.463846,0.0,1,0.701299,0.0,1,0.0,0.0,1,,,0,,,0,,,0,,,0
10^6,1000000.0,0.635805,0.442898,0.0,1,0.945568,0.0,1,1.0,0.0,1,,,0,,,0,,,0,,,0
10^6,1000000.0,5,0.04599,0.030025,4,0.080682,0.036576,4,0.011635,0.00395,4,0.031105,0.029517,4,0.01842,0.024403,4,0.049514,0.027632,4,0.0,0.0,4
10^6,1000000.0,10,0.055605,0.024902,4,0.097512,0.040141,4,0.011761,0.005304,4,0.038163,0.036204,4,0.01819,0.023039,4,0.055803,0.034096,4,0.0,0.0,4
10^6,1000000.0,15,0.0,0.0,4,0.0,0.0,4,0.0,0.0,4,0.0,0.0,4,0.0,0.0,4,0.0,0.0,4,0.0,0.0,4
10^6,1000000.0,20,0.0,0.0,4,0.0,0.0,4,0.0,0.0,4,0.0,0.0,4,0.0,0.0,4,0.0,0.0,4,0.0,0.0,4
10^6,1000000.0,25,0.0,0.0,4,0.0,0.0,4,0.0,0.0,4,0.0,0.0,4,0.0,0.0,4,0.0,0.0,4,0.0,0.0,4
10^6,1000000.0,30,0.0,0.0,4,0.0,0.0,4,0.0,0.0,4,0.0,0.0,4,0.0,0.0,4,0.0,0.0,4,0.0,0.0,4
10^6,1000000.0,35,0.0,0.0,4,0.0,0.0,4,0.0,0.0,4,0.0,0.0,4,0.0,0.0,4,0.0,0.0,4,0.0,0.0,4
10^6,1000000.0,40,0.0,0.0,4,0.0,0.0,4,0.0,0.0,4,0.0,0.0,4,0.0,0.0,4,0.0,0.0,4,0.0,0.0,4
10^6,1000000.0,45,0.010634,0.003585,4,0.037446,0.020774,4,0.005108,0.005848,4,0.023286,0.021309,4,0.008798,0.00735,4,0.017459,0.013238,4,0.0,0.0,4
10^6,1000000.0,50,0.012338,0.003824,4,0.048979,0.027739,4,0.005323,0.006623,4,0.032678,0.028516,4,0.01527,0.007252,4,0.021751,0.018428,4,0.0,0.0,4
10^6,1000000.0,55,0.013108,0.002832,4,0.056768,0.032871,4,0.005614,0.007128,4,0.037588,0.031662,4,0.018233,0.004981,4,0.026498,0.021995,4,0.0,0.0,4
10^6,1000000.0,60,0.031212,0.036973,4,0.066795,0.045011,4,0.018423,0.032338,4,0.037649,0.028579,4,0.022319,0.002908,4,0.027736,0.019158,4,0.0,0.0,4
10^6,1000000.0,65,0.034155,0.043763,4,0.07255,0.04965,4,0.02145,0.037985,4,0.038532,0.028031,4,0.02594,0.003399,4,0.029852,0.016759,4,0.0,0.0,4
10^6,1000000.0,70,0.034765,0.045986,4,0.076165,0.051618,4,0.022603,0.040095,4,0.039649,0.028998,4,0.028215,0.005915,4,0.031314,0.015432,4,0.0,0.0,4
10^6,1000000.0,75,0.033149,0.044017,4,0.077916,0.052181,4,0.02284,0.040084,4,0.041359,0.029981,4,0.033334,0.00603,4,0.03434,0.014871,4,0.0,0.0,4
10^6,1000000.0,80,0.03156,0.041767,4,0.079488,0.052553,4,0.022886,0.039582,4,0.043695,0.031574,4,0.038345,0.00619,4,0.037586,0.015344,4,0.0,0.0,4
10^6,1000000.0,85,0.026498,0.039171,4,0.062987,0.042809,4,0.021152,0.036071,4,0.038434,0.029102,4,0.040178,0.007682,4,0.037224,0.012697,4,0.0,0.0,4
10^6,1000000.0,90,0.023038,0.034721,4,0.049669,0.035295,4,0.018834,0.030966,4,0.036601,0.026991,4,0.041503,0.010126,4,0.038997,0.012242,4,0.0,0.0,4
10^6,1000000.0,95,0.019892,0.027468,4,0.039672,0.030887,4,0.014989,0.022689,4,0.036276,0.0248,4,0.043294,0.012761,4,0.039346,0.012881,4,0.0,0.0,4
10^6,1000000.0,100,0.017134,0.019704,4,0.028817,0.031145,4,0.003372,0.003669,4,0.034572,0.023818,4,0.045058,0.015966,4,0.037032,0.013327,4,0.0,0.0,4
10^6,1000000.0,105,0.018806,0.019418,4,0.038008,0.033359,4,0.008338,0.008579,4,0.043297,0.026485,4,0.05622,0.020007,4,0.055028,0.038009,4,0.25,0.5,4
10^6,1000000.0,110,0.035981,0.051372,4,0.050293,0.03363,4,0.012988,0.010398,4,0.049292,0.025177,4,0.065245,0.027324,4,0.055757,0.036393,4,0.25,0.5,4
10^6,1000000.0,115,0.041849,0.061814,4,0.05508,0.036181,4,0.01442,0.012281,4,0.050602,0.024726,4,0.067964,0.031375,4,0.05432,0.035365,4,0.5,0.57735,4
10^6,1000000.0,120,0.043637,0.078508,4,0.082076,0.127592,4,0.02668,0.047439,4,0.042178,0.05232,4,0.10942,0.164362,4,0.16914,0.276592,4,0.5,0.57735,4
10^6,1000000.0,125,0.151269,0.111645,4,0.374836,0.25597,4,0.082442,0.060265,4,0.293612,0.245669,4,0.352838,0.162295,4,0.607934,0.33848,4,0.5,0.57735,4
10^7,10000000.0,0,0.0,0.0,4,0.0,0.0,4,0.0,0.0,4,0.0,0.0,4,0.0,0.0,4,0.0,0.0,4,0.0,0.0,4
10^7,10000000.0,0.005196,0.042129,0.0,1,0.042962,0.0,1,0.0,0.0,1,,,0,,,0,,,0,,,0
10^7,10000000.0,0.133328,0.071162,0.0,1,0.064646,0.0,1,4.0,0.0,1,,,0,105.0,0.0,1,,,0,,,0
10^7,10000000.0,0.16205,0.17449,0.0,1,0.106813,0.0,1,12.0,0.0,1,,,0,65.0,0.0,1,,,0,,,0
10^7,10000000.0,0.188862,0.228641,0.0,1,0.049418,0.0,1,11.0,0.0,1,,,0,70.0,0.0,1,,,0,,,0
10^7,10000000.0,5,0.047613,0.021865,4,0.087906,0.048212,4,0.013412,0.006624,4,0.040773,0.038398,4,0.01996,0.014498,4,0.054114,0.03698,4,0.0,0.0,4
10^7,10000000.0,10,0.049662,0.024556,4,0.104529,0.069527,4,0.01541,0.009824,4,0.05346,0.060327,4,0.017296,0.011986,4,0.060678,0.054306,4,0.0,0.0,4
10^7,10000000.0,15,0.0,0.0,4,0.0,0.0,4,0.0,0.0,4,0.0,0.0,4,0.0,0.0,4,0.0,0.0,4,0.0,0.0,4
10^7,10000000.0,20,0.0,0.0,4,0.0,0.0,4,0.0,0.0,4,0.0,0.0,4,0.0,0.0,4,0.0,0.0,4,0.0,0.0,4
10^7,10000000.0,25,0.0,0.0,4,0.0,0.0,4,0.0,0.0,4,0.0,0.0,4,0.0,0.0,4,0.0,0.0,4,0.0,0.0,4
10^7,10000000.0,30,0.0,0.0,4,0.0,0.0,4,0.0,0.0,4,0.0,0.0,4,0.0,0.0,4,0.0,0.0,4,0.0,0.0,4
10^7,10000000.0,35,0.0,0.0,4,0.0,0.0,4,0.0,0.0,4,0.0,0.0,4,0.0,0.0,4,0.0,0.0,4,0.0,0.0,4
10^7,10000000.0,40,0.0,0.0,4,0.0,0.0,4,0.0,0.0,4,0.0,0.0,4,0.0,0.0,4,0.0,0.0,4,0.0,0.0,4
10^7,10000000.0,45,0.005281,0.007466,4,0.035446,0.021681,4,0.005,0.006679,4,0.026711,0.020481,4,0.014147,0.011795,4,0.018964,0.013699,4,0.0,0.0,4
10^7,10000000.0,50,0.00757,0.005798,4,0.043508,0.024622,4,0.005497,0.007053,4,0.036014,0.025165,4,0.024599,0.013602,4,0.02054,0.016333,4,0.0,0.0,4
10^7,10000000.0,55,0.007228,0.004914,4,0.049028,0.027592,4,0.005629,0.007433,4,0.042423,0.029206,4,0.031369,0.01021,4,0.023392,0.018173,4,0.0,0.0,4
10^7,10000000.0,60,0.026092,0.037781,4,0.057241,0.033644,4,0.021176,0.037998,4,0.046931,0.03317,4,0.035745,0.003084,4,0.03002,0.018841,4,0.0,0.0,4
10^7,10000000.0,65,0.029659,0.041587,4,0.062227,0.03698,4,0.024752,0.044757,4,0.050284,0.036487,4,0.040978,0.00242,4,0.034287,0.020309,4,0.25,0.5,4
10^7,10000000.0,70,0.031122,0.040304,4,0.066169,0.039035,4,0.026255,0.047066,4,0.053226,0.040211,4,0.045842,0.004353,4,0.036929,0.021933,4,0.5,0.57735,4
10^7,10000000.0,75,0.031484,0.035802,4,0.06867,0.040839,4,0.026696,0.046989,4,0.056073,0.044176,4,0.054316,0.002627,4,0.041752,0.024103,4,0.5,0.57735,4
10^7,10000000.0,80,0.032303,0.031739,4,0.071577,0.043225,4,0.026762,0.046369,4,0.060372,0.049646,4,0.062591,0.007012,4,0.046079,0.026871,4,0.5,0.57735,4
10^7,10000000.0,85,0.036535,0.030132,4,0.059491,0.037599,4,0.024782,0.042468,4,0.060561,0.051094,4,0.067447,0.013733,4,0.045633,0.025753,4,0.5,0.57735,4
10^7,10000000.0,90,0.046006,0.035339,4,0.052563,0.03723,4,0.021801,0.036691,4,0.069265,0.058058,4,0.076168,0.025997,4,0.046002,0.026312,4,0.5,0.57735,4
10^7,10000000.0,95,0.061349,0.049615,4,0.047747,0.038258,4,0.016853,0.027098,4,0.084349,0.070032,4,0.090422,0.04286,4,0.044423,0.025919,4,0.5,0.57735,4
10^7,10000000.0,100,0.083556,0.074946,4,0.039786,0.041122,4,0.006048,0.005469,4,0.101916,0.084858,4,0.106694,0.062381,4,0.037854,0.025447,4,0.5,0.57735,4
10^7,10000000.0,105,0.106258,0.095553,4,0.055962,0.053096,4,0.018879,0.019414,4,0.129763,0.096292,4,0.113558,0.076733,4,0.05937,0.041181,4,0.75,0.5,4
10^7,10000000.0,110,0.130086,0.126483,4,0.0737,0.056915,4,0.025804,0.02716,4,0.137526,0.09793,4,0.131988,0.091878,4,0.062922,0.034346,4,0.75,0.5,4
10^7,10000000.0,115,0.134187,0.130096,4,0.079351,0.067793,4,0.029236,0.03144,4,0.13349,0.092239,4,0.13417,0.092982,4,0.063614,0.031557,4,0.75,0.5,4
10^7,10000000.0,120,0.12932,0.122102,4,0.090024,0.068253,4,0.036533,0.028055,4,0.122359,0.081334,4,0.129105,0.087349,4,0.06596,0.028713,4,0.75,0.5,4
10^8 (Positive Control),100000000.0,0,0.0,0.0,4,0.0,0.0,4,0.0,0.0,4,0.0,0.0,4,0.0,0.0,4,0.0,0.0,4,0.0,0.0,4
10^8 (Positive Control),100000000.0,0.014737,0.085194,0.0,1,0.093886,0.0,1,9.0,0.0,1,,,0,65.0,0.0,1,,,0,,,0
10^8 (Positive Control),100000000.0,0.052701,0.054614,0.0,1,0.078488,0.0,1,4.0,0.0,1,,,0,75.0,0.0,1,,,0,,,0
10^8 (Positive Control),100000000.0,0.056639,0.01709,0.0,1,0.059951,0.0,1,5.0,0.0,1,,,0,65.0,0.0,1,,,0,,,0
10^8 (Positive Control),100000000.0,0.139381,0.109393,0.0,1,0.03607,0.0,1,9.0,0.0,1,,,0,80.0,0.0,1,,,0,,,0
10^8 (Positive Control),100000000.0,5,0.021288,0.005196,4,0.057894,0.014782,4,0.006179,0.004204,4,0.032961,0.021667,4,0.010481,0.0069,4,0.02812,0.011325,4,0.0,0.0,4
10^8 (Positive Control),100000000.0,10,0.02002,0.006932,4,0.06557,0.014505,4,0.007152,0.002938,4,0.041617,0.022376,4,0.017814,0.009281,4,0.02724,0.012437,4,0.0,0.0,4
10^8 (Positive Control),100000000.0,15,0.0,0.0,4,0.0,0.0,4,0.0,0.0,4,0.0,0.0,4,0.0,0.0,4,0.0,0.0,4,0.0,0.0,4
10^8 (Positive Control),100000000.0,20,0.0,0.0,4,0.0,0.0,4,0.0,0.0,4,0.0,0.0,4,0.0,0.0,4,0.0,0.0,4,0.0,0.0,4
10^8 (Positive Control),100000000.0,25,0.0,0.0,4,0.0,0.0,4,0.0,0.0,4,0.0,0.0,4,0.0,0.0,4,0.0,0.0,4,0.0,0.0,4
10^8 (Positive Control),100000000.0,30,0.0,0.0,4,0.0,0.0,4,0.0,0.0,4,0.0,0.0,4,0.0,0.0,4,0.0,0.0,4,0.0,0.0,4
10^8 (Positive Control),100000000.0,35,0.0,0.0,4,0.0,0.0,4,0.0,0.0,4,0.0,0.0,4,0.0,0.0,4,0.0,0.0,4,0.0,0.0,4
10^8 (Positive Control),100000000.0,40,0.0,0.0,4,0.0,0.0,4,0.0,0.0,4,0.0,0.0,4,0.0,0.0,4,0.0,0.0,4,0.0,0.0,4
10^8 (Positive Control),100000000.0,45,0.013772,0.011717,4,0.029664,0.017566,4,0.004101,0.003678,4,0.039585,0.024106,4,0.032122,0.016076,4,0.013953,0.012598,4,0.0,0.0,4
10^8 (Positive Control),100000000.0,50,0.036371,0.037905,4,0.037837,0.02419,4,0.004982,0.005156,4,0.069026,0.048445,4,0.062895,0.04229,4,0.018366,0.017615,4,0.0,0.0,4
10^8 (Positive Control),100000000.0,55,0.06139,0.054534,4,0.03976,0.024062,4,0.006419,0.007548,4,0.090768,0.068359,4,0.090721,0.056037,4,0.023746,0.015443,4,0.0,0.0,4
10^8 (Positive Control),100000000.0,60,0.074578,0.067765,4,0.040975,0.017169,4,0.012606,0.019664,4,0.098021,0.072403,4,0.109709,0.068508,4,0.026006,0.01527,4,0.0,0.0,4
10^8 (Positive Control),100000000.0,65,0.079463,0.071195,4,0.04247,0.013701,4,0.013912,0.022133,4,0.098368,0.065427,4,0.118517,0.068778,4,0.031545,0.020386,4,0.5,0.57735,4
10^8 (Positive Control),100000000.0,70,0.080541,0.068742,4,0.044798,0.011789,4,0.014539,0.022473,4,0.097389,0.056781,4,0.12162,0.064053,4,0.035374,0.025314,4,0.5,0.57735,4
10^8 (Positive Control),100000000.0,75,0.08133,0.064279,4,0.046491,0.01005,4,0.014792,0.021795,4,0.096807,0.049059,4,0.124891,0.057463,4,0.039625,0.02854,4,0.75,0.5,4
10^8 (Positive Control),100000000.0,80,0.081098,0.059615,4,0.04846,0.008411,4,0.015172,0.021046,4,0.09616,0.042955,4,0.126962,0.050877,4,0.043027,0.031087,4,1.0,0.0,4
10^8 (Positive Control),100000000.0,85,0.069575,0.047266,4,0.044663,0.00834,4,0.014972,0.017521,4,0.076959,0.029749,4,0.110104,0.035308,4,0.044916,0.03445,4,1.0,0.0,4
10^8 (Positive Control),100000000.0,90,0.053065,0.035062,4,0.045196,0.009719,4,0.015849,0.012435,4,0.058001,0.036193,4,0.090758,0.025624,4,0.044002,0.035078,4,0.5,0.57735,4
10^8 (Positive Control),100000000.0,95,0.03919,0.022096,4,0.045486,0.007739,4,0.017125,0.0092,4,0.050171,0.048234,4,0.076691,0.030995,4,0.039834,0.031995,4,0.25,0.5,4
10^8 (Positive Control),100000000.0,100,0.02929,0.026953,4,0.041287,0.014828,4,0.017248,0.015469,4,0.051261,0.053414,4,0.068538,0.044977,4,0.033781,0.02569,4,0.25,0.5,4
10^8 (Positive Control),100000000.0,105,0.025232,0.027736,4,0.046572,0.03488,4,0.020132,0.01857,4,0.055131,0.068522,4,0.081197,0.040278,4,0.047693,0.032651,4,0.25,0.5,4
10^8 (Positive Control),100000000.0,110,0.024684,0.026212,4,0.052683,0.0417,4,0.022046,0.019093,4,0.057579,0.071109,4,0.079431,0.042233,4,0.057086,0.025583,4,0.5,0.57735,4
10^8 (Positive Control),100000000.0,115,0.02154,0.024419,4,0.056054,0.045137,4,0.021963,0.018805,4,0.057909,0.067539,4,0.073617,0.043187,4,0.0609,0.023914,4,0.5,0.57735,4
10^8 (Positive Control),100000000.0,120,0.019191,0.020851,4,0.056305,0.045746,4,0.020237,0.01695,4,0.065864,0.052526,4,0.066573,0.039883,4,0.067099,0.024907,4,0.75,0.5,4
