group,concentration_cfu_ml,time_min,sd_flag_mean,sd_flag_sd,sd_flag_N,slope_score_mean,slope_score_sd,slope_score_N,contribution_mean,contribution_sd,contribution_N,cumulative_total_mean,cumulative_total_sd,cumulative_total_N
0 (Sterile Negative Control),0.0,0,0.0,0.0,4,0.0,0.0,4,0.0,0.0,4,0.0,0.0,4
0 (Sterile Negative Control),0.0,5,0.0,0.0,4,0.0,0.0,4,0.0,0.0,4,0.0,0.0,4
0 (Sterile Negative Control),0.0,10,0.0,0.0,4,0.0,0.0,4,0.0,0.0,4,0.0,0.0,4
0 (Sterile Negative Control),0.0,15,0.0,0.0,4,0.0,0.0,4,0.0,0.0,4,0.0,0.0,4
0 (Sterile Negative Control),0.0,20,0.0,0.0,4,0.0,0.0,4,0.0,0.0,4,0.0,0.0,4
0 (Sterile Negative Control),0.0,25,0.25,0.5,4,0.0,0.0,4,0.25,0.5,4,0.25,0.5,4
0 (Sterile Negative Control),0.0,30,0.25,0.5,4,0.0,0.0,4,0.25,0.5,4,0.5,1.0,4
0 (Sterile Negative Control),0.0,35,0.25,0.5,4,0.0,0.0,4,0.25,0.5,4,0.75,1.5,4
0 (Sterile Negative Control),0.0,40,0.25,0.5,4,0.0,0.0,4,0.25,0.5,4,1.0,2.0,4
0 (Sterile Negative Control),0.0,45,0.25,0.5,4,0.0,0.0,4,0.25,0.5,4,1.25,2.5,4
0 (Sterile Negative Control),0.0,50,0.0,0.0,4,1.0,1.154701,4,1.0,1.154701,4,2.25,2.061553,4
0 (Sterile Negative Control),0.0,55,0.0,0.0,4,1.5,1.914854,4,1.5,1.914854,4,3.75,3.86221,4
0 (Sterile Negative Control),0.0,60,0.0,0.0,4,1.5,1.0,4,1.5,1.0,4,5.25,4.573474,4
0 (Sterile Negative Control),0.0,65,0.0,0.0,4,2.0,1.632993,4,2.0,1.632993,4,7.25,5.619905,4
0 (Sterile Negative Control),0.0,70,0.0,0.0,4,2.5,1.914854,4,2.5,1.914854,4,9.75,6.946222,4
0 (Sterile Negative Control),0.0,75,0.0,0.0,4,2.5,1.914854,4,2.5,1.914854,4,12.25,8.5,4
0 (Sterile Negative Control),0.0,80,0.0,0.0,4,2.5,1.914854,4,2.5,1.914854,4,14.75,10.17759,4
0 (Sterile Negative Control),0.0,85,0.0,0.0,4,2.5,1.914854,4,2.5,1.914854,4,17.25,11.92686,4
0 (Sterile Negative Control),0.0,90,0.0,0.0,4,2.5,1.914854,4,2.5,1.914854,4,19.75,13.720423,4
0 (Sterile Negative Control),0.0,95,0.0,0.0,4,2.0,1.632993,4,2.0,1.632993,4,21.75,15.063753,4
0 (Sterile Negative Control),0.0,100,0.0,0.0,4,2.0,1.632993,4,2.0,1.632993,4,23.75,16.459546,4
0 (Sterile Negative Control),0.0,105,0.0,0.0,4,0.5,1.0,4,0.5,1.0,4,24.25,16.090888,4
0 (Sterile Negative Control),0.0,110,0.0,0.0,4,0.5,1.0,4,0.5,1.0,4,24.75,15.777093,4
0 (Sterile Negative Control),0.0,115,0.25,0.5,4,0.5,1.0,4,0.75,0.957427,4,25.5,15.716234,4
0 (Sterile Negative Control),0.0,120,0.25,0.5,4,1.75,1.258306,4,2.0,1.632993,4,27.5,16.980381,4
10^1,10.0,0,0.0,0.0,4,0.0,0.0,4,0.0,0.0,4,0.0,0.0,4
10^1,10.0,5,0.0,0.0,4,0.0,0.0,4,0.0,0.0,4,0.0,0.0,4
10^1,10.0,10,0.0,0.0,4,0.0,0.0,4,0.0,0.0,4,0.0,0.0,4
10^1,10.0,15,0.0,0.0,4,0.0,0.0,4,0.0,0.0,4,0.0,0.0,4
10^1,10.0,20,0.0,0.0,4,0.0,0.0,4,0.0,0.0,4,0.0,0.0,4
10^1,10.0,25,0.0,0.0,4,0.0,0.0,4,0.0,0.0,4,0.0,0.0,4
10^1,10.0,30,0.0,0.0,4,0.0,0.0,4,0.0,0.0,4,0.0,0.0,4
10^1,10.0,35,0.0,0.0,4,0.0,0.0,4,0.0,0.0,4,0.0,0.0,4
10^1,10.0,40,0.0,0.0,4,0.0,0.0,4,0.0,0.0,4,0.0,0.0,4
10^1,10.0,45,0.0,0.0,4,0.0,0.0,4,0.0,0.0,4,0.0,0.0,4
10^1,10.0,50,0.0,0.0,4,1.5,1.914854,4,1.5,1.914854,4,1.5,1.914854,4
10^1,10.0,55,0.0,0.0,4,0.5,1.0,4,0.5,1.0,4,2.0,2.828427,4
10^1,10.0,60,0.0,0.0,4,0.0,0.0,4,0.0,0.0,4,2.0,2.828427,4
10^1,10.0,65,0.0,0.0,4,0.0,0.0,4,0.0,0.0,4,2.0,2.828427,4
10^1,10.0,70,0.0,0.0,4,0.5,1.0,4,0.5,1.0,4,2.5,3.785939,4
10^1,10.0,75,0.0,0.0,4,1.0,1.154701,4,1.0,1.154701,4,3.5,4.434712,4
10^1,10.0,80,0.0,0.0,4,1.5,1.914854,4,1.5,1.914854,4,5.0,6.218253,4
10^1,10.0,85,0.0,0.0,4,2.0,1.632993,4,2.0,1.632993,4,7.0,7.745967,4
10^1,10.0,90,0.0,0.0,4,2.5,1.914854,4,2.5,1.914854,4,9.5,9.291573,4
10^1,10.0,95,0.0,0.0,4,2.25,2.061553,4,2.25,2.061553,4,11.75,10.719919,4
10^1,10.0,100,0.0,0.0,4,2.5,1.914854,4,2.5,1.914854,4,14.25,12.284814,4
10^1,10.0,105,0.0,0.0,4,1.75,1.707825,4,1.75,1.707825,4,16.0,12.832251,4
10^1,10.0,110,0.25,0.5,4,2.25,1.707825,4,2.5,1.290994,4,18.5,12.60952,4
10^1,10.0,115,0.25,0.5,4,2.25,2.629956,4,2.5,2.380476,4,21.0,14.854853,4
10^1,10.0,120,0.25,0.5,4,1.5,1.0,4,1.75,1.258306,4,22.75,15.47848,4
10^2,100.0,0,0.0,0.0,4,0.0,0.0,4,0.0,0.0,4,0.0,0.0,4
10^2,100.0,5,0.0,0.0,4,0.0,0.0,4,0.0,0.0,4,0.0,0.0,4
10^2,100.0,10,0.0,0.0,4,0.0,0.0,4,0.0,0.0,4,0.0,0.0,4
10^2,100.0,15,0.0,0.0,4,0.0,0.0,4,0.0,0.0,4,0.0,0.0,4
10^2,100.0,20,0.0,0.0,4,0.0,0.0,4,0.0,0.0,4,0.0,0.0,4
10^2,100.0,25,0.25,0.5,4,0.0,0.0,4,0.25,0.5,4,0.25,0.5,4
10^2,100.0,30,0.25,0.5,4,0.0,0.0,4,0.25,0.5,4,0.5,1.0,4
10^2,100.0,35,0.25,0.5,4,0.0,0.0,4,0.25,0.5,4,0.75,1.5,4
10^2,100.0,40,0.25,0.5,4,0.0,0.0,4,0.25,0.5,4,1.0,2.0,4
10^2,100.0,45,0.25,0.5,4,0.0,0.0,4,0.25,0.5,4,1.25,2.5,4
10^2,100.0,50,0.25,0.5,4,1.5,1.0,4,1.75,1.258306,4,3.0,3.464102,4
10^2,100.0,55,0.25,0.5,4,1.0,1.154701,4,1.25,0.957427,4,4.25,3.685557,4
10^2,100.0,60,0.25,0.5,4,1.0,2.0,4,1.25,2.5,4,5.5,5.972158,4
10^2,100.0,65,0.25,0.5,4,0.5,1.0,4,0.75,1.5,4,6.25,7.410578,4
10^2,100.0,70,0.25,0.5,4,1.0,1.154701,4,1.25,1.5,4,7.5,8.698659,4
10^2,100.0,75,0.0,0.0,4,1.5,1.290994,4,1.5,1.290994,4,9.0,9.831921,4
10^2,100.0,80,0.0,0.0,4,1.0,1.154701,4,1.0,1.154701,4,10.0,10.677078,4
10^2,100.0,85,0.0,0.0,4,1.5,1.0,4,1.5,1.0,4,11.5,11.32843,4
10^2,100.0,90,0.0,0.0,4,2.5,1.914854,4,2.5,1.914854,4,14.0,12.935739,4
10^2,100.0,95,0.0,0.0,4,2.5,1.914854,4,2.5,1.914854,4,16.5,14.617341,4
10^2,100.0,100,0.0,0.0,4,1.5,1.0,4,1.5,1.0,4,18.0,15.383974,4
10^2,100.0,105,0.0,0.0,4,1.25,0.957427,4,1.25,0.957427,4,19.25,14.974979,4
10^2,100.0,110,0.25,0.5,4,2.5,1.914854,4,2.75,2.217356,4,22.0,13.190906,4
10^2,100.0,115,0.5,0.57735,4,1.75,1.707825,4,2.25,1.258306,4,24.25,13.124405,4
10^2,100.0,120,0.5,0.57735,4,1.75,1.258306,4,2.25,1.707825,4,26.5,13.723459,4
10^3,1000.0,0,0.0,0.0,4,0.0,0.0,4,0.0,0.0,4,0.0,0.0,4
10^3,1000.0,5,0.0,0.0,4,0.0,0.0,4,0.0,0.0,4,0.0,0.0,4
10^3,1000.0,10,0.0,0.0,4,0.0,0.0,4,0.0,0.0,4,0.0,0.0,4
10^3,1000.0,15,0.0,0.0,4,0.0,0.0,4,0.0,0.0,4,0.0,0.0,4
10^3,1000.0,20,0.0,0.0,4,0.0,0.0,4,0.0,0.0,4,0.0,0.0,4
10^3,1000.0,25,0.0,0.0,4,0.0,0.0,4,0.0,0.0,4,0.0,0.0,4
10^3,1000.0,30,0.0,0.0,4,0.0,0.0,4,0.0,0.0,4,0.0,0.0,4
10^3,1000.0,35,0.0,0.0,4,0.0,0.0,4,0.0,0.0,4,0.0,0.0,4
10^3,1000.0,40,0.0,0.0,4,0.0,0.0,4,0.0,0.0,4,0.0,0.0,4
10^3,1000.0,45,0.0,0.0,4,0.0,0.0,4,0.0,0.0,4,0.0,0.0,4
10^3,1000.0,50,0.0,0.0,4,1.5,1.0,4,1.5,1.0,4,1.5,1.0,4
10^3,1000.0,55,0.0,0.0,4,2.0,1.632993,4,2.0,1.632993,4,3.5,1.0,4
10^3,1000.0,60,0.0,0.0,4,1.5,1.0,4,1.5,1.0,4,5.0,2.0,4
10^3,1000.0,65,0.0,0.0,4,1.0,1.154701,4,1.0,1.154701,4,6.0,2.828427,4
10^3,1000.0,70,0.0,0.0,4,1.5,1.914854,4,1.5,1.914854,4,7.5,4.123106,4
10^3,1000.0,75,0.0,0.0,4,1.5,1.914854,4,1.5,1.914854,4,9.0,5.773503,4
10^3,1000.0,80,0.0,0.0,4,2.5,1.914854,4,2.5,1.914854,4,11.5,7.549834,4
10^3,1000.0,85,0.0,0.0,4,2.75,1.892969,4,2.75,1.892969,4,14.25,9.322911,4
10^3,1000.0,90,0.0,0.0,4,3.0,2.0,4,3.0,2.0,4,17.25,11.116804,4
10^3,1000.0,95,0.0,0.0,4,3.75,2.061553,4,3.75,2.061553,4,21.0,12.832251,4
10^3,1000.0,100,0.0,0.0,4,4.0,1.632993,4,4.0,1.632993,4,25.0,14.165686,4
10^3,1000.0,105,0.25,0.5,4,3.0,2.581989,4,3.25,2.5,4,28.25,14.244882,4
10^3,1000.0,110,0.25,0.5,4,2.5,3.0,4,2.75,2.753785,4,31.0,15.684387,4
10^3,1000.0,115,0.25,0.5,4,2.5,3.0,4,2.75,2.753785,4,33.75,17.442764,4
10^3,1000.0,120,0.25,0.5,4,1.5,1.914854,4,1.75,1.707825,4,35.5,17.368554,4
10^4,10000.0,0,0.0,0.0,4,0.0,0.0,4,0.0,0.0,4,0.0,0.0,4
10^4,10000.0,5,0.0,0.0,4,0.0,0.0,4,0.0,0.0,4,0.0,0.0,4
10^4,10000.0,10,0.0,0.0,4,0.0,0.0,4,0.0,0.0,4,0.0,0.0,4
10^4,10000.0,15,0.0,0.0,4,0.0,0.0,4,0.0,0.0,4,0.0,0.0,4
10^4,10000.0,20,0.0,0.0,4,0.0,0.0,4,0.0,0.0,4,0.0,0.0,4
10^4,10000.0,25,0.0,0.0,4,0.0,0.0,4,0.0,0.0,4,0.0,0.0,4
10^4,10000.0,30,0.0,0.0,4,0.0,0.0,4,0.0,0.0,4,0.0,0.0,4
10^4,10000.0,35,0.0,0.0,4,0.0,0.0,4,0.0,0.0,4,0.0,0.0,4
10^4,10000.0,40,0.0,0.0,4,0.0,0.0,4,0.0,0.0,4,0.0,0.0,4
10^4,10000.0,45,0.0,0.0,4,0.0,0.0,4,0.0,0.0,4,0.0,0.0,4
10^4,10000.0,50,0.0,0.0,4,1.75,2.872281,4,1.75,2.872281,4,1.75,2.872281,4
10^4,10000.0,55,0.0,0.0,4,2.0,1.632993,4,2.0,1.632993,4,3.75,4.349329,4
10^4,10000.0,60,0.0,0.0,4,2.0,1.632993,4,2.0,1.632993,4,5.75,5.909033,4
10^4,10000.0,65,0.0,0.0,4,2.25,1.707825,4,2.25,1.707825,4,8.0,7.483315,4
10^4,10000.0,70,0.0,0.0,4,1.5,1.914854,4,1.5,1.914854,4,9.5,9.146948,4
10^4,10000.0,75,0.0,0.0,4,2.0,1.632993,4,2.0,1.632993,4,11.5,10.246951,4
10^4,10000.0,80,0.0,0.0,4,2.0,1.632993,4,2.0,1.632993,4,13.5,11.47461,4
10^4,10000.0,85,0.0,0.0,4,1.5,1.0,4,1.5,1.0,4,15.0,11.83216,4
10^4,10000.0,90,0.0,0.0,4,2.0,1.632993,4,2.0,1.632993,4,17.0,13.216152,4
10^4,10000.0,95,0.0,0.0,4,2.0,1.632993,4,2.0,1.632993,4,19.0,14.651507,4
10^4,10000.0,100,0.0,0.0,4,1.5,1.914854,4,1.5,1.914854,4,20.5,16.196707,4
10^4,10000.0,105,0.0,0.0,4,0.5,1.0,4,0.5,1.0,4,21.0,15.874508,4
10^4,10000.0,110,0.25,0.5,4,1.5,1.914854,4,1.75,1.707825,4,22.75,14.45395,4
10^4,10000.0,115,0.25,0.5,4,1.5,1.914854,4,1.75,1.707825,4,24.5,13.102163,4
10^4,10000.0,120,0.25,0.5,4,1.5,1.732051,4,1.75,1.707825,4,26.25,14.660036,4
10^5,100000.0,0,0.0,0.0,4,0.0,0.0,4,0.0,0.0,4,0.0,0.0,4
10^5,100000.0,5,0.0,0.0,4,0.0,0.0,4,0.0,0.0,4,0.0,0.0,4
10^5,100000.0,10,0.0,0.0,4,0.0,0.0,4,0.0,0.0,4,0.0,0.0,4
10^5,100000.0,15,0.0,0.0,4,0.0,0.0,4,0.0,0.0,4,0.0,0.0,4
10^5,100000.0,20,0.0,0.0,4,0.0,0.0,4,0.0,0.0,4,0.0,0.0,4
10^5,100000.0,25,0.25,0.5,4,0.0,0.0,4,0.25,0.5,4,0.25,0.5,4
10^5,100000.0,30,0.25,0.5,4,0.0,0.0,4,0.25,0.5,4,0.5,1.0,4
10^5,100000.0,35,0.25,0.5,4,0.0,0.0,4,0.25,0.5,4,0.75,1.5,4
10^5,100000.0,40,0.0,0.0,4,0.0,0.0,4,0.0,0.0,4,0.75,1.5,4
10^5,100000.0,45,0.0,0.0,4,0.0,0.0,4,0.0,0.0,4,0.75,1.5,4
10^5,100000.0,50,0.0,0.0,4,1.5,1.914854,4,1.5,1.914854,4,2.25,3.304038,4
10^5,100000.0,55,0.0,0.0,4,1.5,1.914854,4,1.5,1.914854,4,3.75,5.188127,4
10^5,100000.0,60,0.0,0.0,4,1.5,1.914854,4,1.5,1.914854,4,5.25,7.088723,4
10^5,100000.0,65,0.0,0.0,4,1.0,2.0,4,1.0,2.0,4,6.25,8.958236,4
10^5,100000.0,70,0.0,0.0,4,1.0,2.0,4,1.0,2.0,4,7.25,10.874282,4
10^5,100000.0,75,0.0,0.0,4,1.5,1.914854,4,1.5,1.914854,4,8.75,12.419742,4
10^5,100000.0,80,0.0,0.0,4,2.0,1.632993,4,2.0,1.632993,4,10.75,13.598407,4
10^5,100000.0,85,0.0,0.0,4,1.5,1.914854,4,1.5,1.914854,4,12.25,15.283433,4
10^5,100000.0,90,0.0,0.0,4,1.5,1.914854,4,1.5,1.914854,4,13.75,17.017148,4
10^5,100000.0,95,0.0,0.0,4,1.5,1.914854,4,1.5,1.914854,4,15.25,18.786076,4
10^5,100000.0,100,0.0,0.0,4,1.5,1.914854,4,1.5,1.914854,4,16.75,20.58114,4
10^5,100000.0,105,0.0,0.0,4,1.0,1.154701,4,1.0,1.154701,4,17.75,19.972898,4
10^5,100000.0,110,0.25,0.5,4,1.25,1.5,4,1.5,1.290994,4,19.25,18.980253,4
10^5,100000.0,115,0.25,0.5,4,1.75,1.707825,4,2.0,1.414214,4,21.25,18.318934,4
10^5,100000.0,120,0.25,0.5,4,1.75,1.707825,4,2.0,1.825742,4,23.25,19.414342,4
10^6,1000000.0,0,0.0,0.0,4,0.0,0.0,4,0.0,0.0,4,0.0,0.0,4
10^6,1000000.0,5,0.0,0.0,4,0.0,0.0,4,0.0,0.0,4,0.0,0.0,4
10^6,1000000.0,10,0.0,0.0,4,0.0,0.0,4,0.0,0.0,4,0.0,0.0,4
10^6,1000000.0,15,0.0,0.0,4,0.0,0.0,4,0.0,0.0,4,0.0,0.0,4
10^6,1000000.0,20,0.0,0.0,4,0.0,0.0,4,0.0,0.0,4,0.0,0.0,4
10^6,1000000.0,25,0.0,0.0,4,0.0,0.0,4,0.0,0.0,4,0.0,0.0,4
10^6,1000000.0,30,0.0,0.0,4,0.0,0.0,4,0.0,0.0,4,0.0,0.0,4
10^6,1000000.0,35,0.0,0.0,4,0.0,0.0,4,0.0,0.0,4,0.0,0.0,4
10^6,1000000.0,40,0.0,0.0,4,0.0,0.0,4,0.0,0.0,4,0.0,0.0,4
10^6,1000000.0,45,0.0,0.0,4,0.0,0.0,4,0.0,0.0,4,0.0,0.0,4
10^6,1000000.0,50,0.0,0.0,4,1.0,1.154701,4,1.0,1.154701,4,1.0,1.154701,4
10^6,1000000.0,55,0.0,0.0,4,1.0,1.154701,4,1.0,1.154701,4,2.0,2.309401,4
10^6,1000000.0,60,0.0,0.0,4,0.5,1.0,4,0.5,1.0,4,2.5,3.0,4
10^6,1000000.0,65,0.0,0.0,4,1.5,1.0,4,1.5,1.0,4,4.0,2.828427,4
10^6,1000000.0,70,0.0,0.0,4,1.25,0.957427,4,1.25,0.957427,4,5.25,3.40343,4
10^6,1000000.0,75,0.0,0.0,4,2.25,0.5,4,2.25,0.5,4,7.5,3.41565,4
10^6,1000000.0,80,0.0,0.0,4,3.5,1.914854,4,3.5,1.914854,4,11.0,3.464102,4
10^6,1000000.0,85,0.0,0.0,4,3.0,2.0,4,3.0,2.0,4,14.0,4.898979,4
10^6,1000000.0,90,0.0,0.0,4,2.5,1.0,4,2.5,1.0,4,16.5,5.744563,4
10^6,1000000.0,95,0.0,0.0,4,2.5,1.0,4,2.5,1.0,4,19.0,6.63325,4
10^6,1000000.0,100,0.0,0.0,4,2.0,1.632993,4,2.0,1.632993,4,21.0,8.082904,4
10^6,1000000.0,105,0.25,0.5,4,2.75,0.957427,4,3.0,0.816497,4,24.0,8.75595,4
10^6,1000000.0,110,0.25,0.5,4,3.0,1.154701,4,3.25,0.957427,4,27.25,9.215024,4
10^6,1000000.0,115,0.5,0.57735,4,2.25,1.707825,4,2.75,1.707825,4,30.0,10.424331,4
10^6,1000000.0,120,0.5,0.57735,4,0.0,0.0,4,0.5,0.57735,4,30.5,10.148892,4
10^6,1000000.0,125,0.5,0.57735,4,3.25,3.201562,4,3.75,2.629956,4,34.25,11.672618,4
10^7,10000000.0,0,0.0,0.0,4,0.0,0.0,4,0.0,0.0,4,0.0,0.0,4
10^7,10000000.0,5,0.0,0.0,4,0.0,0.0,4,0.0,0.0,4,0.0,0.0,4
10^7,10000000.0,10,0.0,0.0,4,0.0,0.0,4,0.0,0.0,4,0.0,0.0,4
10^7,10000000.0,15,0.0,0.0,4,0.0,0.0,4,0.0,0.0,4,0.0,0.0,4
10^7,10000000.0,20,0.0,0.0,4,0.0,0.0,4,0.0,0.0,4,0.0,0.0,4
10^7,10000000.0,25,0.0,0.0,4,0.0,0.0,4,0.0,0.0,4,0.0,0.0,4
10^7,10000000.0,30,0.0,0.0,4,0.0,0.0,4,0.0,0.0,4,0.0,0.0,4
10^7,10000000.0,35,0.0,0.0,4,0.0,0.0,4,0.0,0.0,4,0.0,0.0,4
10^7,10000000.0,40,0.0,0.0,4,0.0,0.0,4,0.0,0.0,4,0.0,0.0,4
10^7,10000000.0,45,0.0,0.0,4,0.0,0.0,4,0.0,0.0,4,0.0,0.0,4
10^7,10000000.0,50,0.0,0.0,4,2.5,1.0,4,2.5,1.0,4,2.5,1.0,4
10^7,10000000.0,55,0.0,0.0,4,1.5,1.0,4,1.5,1.0,4,4.0,1.632993,4
10^7,10000000.0,60,0.0,0.0,4,1.5,1.0,4,1.5,1.0,4,5.5,1.0,4
10^7,10000000.0,65,0.25,0.5,4,2.0,0.0,4,2.25,0.5,4,7.75,1.258306,4
10^7,10000000.0,70,0.5,0.57735,4,1.25,0.957427,4,1.75,1.258306,4,9.5,1.914854,4
10^7,10000000.0,75,0.5,0.57735,4,3.5,1.914854,4,4.0,2.160247,4,13.5,3.109126,4
10^7,10000000.0,80,0.5,0.57735,4,2.5,2.516611,4,3.0,2.94392,4,16.5,5.744563,4
10^7,10000000.0,85,0.5,0.57735,4,3.5,1.0,4,4.0,1.414214,4,20.5,6.855655,4
10^7,10000000.0,90,0.5,0.57735,4,3.0,2.0,4,3.5,2.380476,4,24.0,8.485281,4
10^7,10000000.0,95,0.5,0.57735,4,4.0,0.0,4,4.5,0.57735,4,28.5,9.036961,4
10^7,10000000.0,100,0.5,0.57735,4,4.0,0.0,4,4.5,0.57735,4,33.0,9.591663,4
10^7,10000000.0,105,0.75,0.5,4,2.25,1.707825,4,3.0,2.160247,4,36.0,11.165423,4
10^7,10000000.0,110,0.75,0.5,4,2.75,2.217356,4,3.5,2.645751,4,39.5,12.688578,4
10^7,10000000.0,115,0.75,0.5,4,2.0,2.44949,4,2.75,2.753785,4,42.25,14.840822,4
10^7,10000000.0,120,0.75,0.5,4,2.75,0.957427,4,3.5,1.290994,4,45.75,15.261608,4
10^8 (Positive Control),100000000.0,0,0.0,0.0,4,0.0,0.0,4,0.0,0.0,4,0.0,0.0,4
10^8 (Positive Control),100000000.0,5,0.0,0.0,4,0.0,0.0,4,0.0,0.0,4,0.0,0.0,4
10^8 (Positive Control),100000000.0,10,0.0,0.0,4,0.0,0.0,4,0.0,0.0,4,0.0,0.0,4
10^8 (Positive Control),100000000.0,15,0.0,0.0,4,0.0,0.0,4,0.0,0.0,4,0.0,0.0,4
10^8 (Positive Control),100000000.0,20,0.0,0.0,4,0.0,0.0,4,0.0,0.0,4,0.0,0.0,4
10^8 (Positive Control),100000000.0,25,0.0,0.0,4,0.0,0.0,4,0.0,0.0,4,0.0,0.0,4
10^8 (Positive Control),100000000.0,30,0.0,0.0,4,0.0,0.0,4,0.0,0.0,4,0.0,0.0,4
10^8 (Positive Control),100000000.0,35,0.0,0.0,4,0.0,0.0,4,0.0,0.0,4,0.0,0.0,4
10^8 (Positive Control),100000000.0,40,0.0,0.0,4,0.0,0.0,4,0.0,0.0,4,0.0,0.0,4
10^8 (Positive Control),100000000.0,45,0.0,0.0,4,0.0,0.0,4,0.0,0.0,4,0.0,0.0,4
10^8 (Positive Control),100000000.0,50,0.0,0.0,4,4.0,0.0,4,4.0,0.0,4,4.0,0.0,4
10^8 (Positive Control),100000000.0,55,0.0,0.0,4,4.5,1.0,4,4.5,1.0,4,8.5,1.0,4
10^8 (Positive Control),100000000.0,60,0.0,0.0,4,4.0,1.632993,4,4.0,1.632993,4,12.5,2.516611,4
10^8 (Positive Control),100000000.0,65,0.5,0.57735,4,4.25,0.5,4,4.75,0.957427,4,17.25,2.986079,4
10^8 (Positive Control),100000000.0,70,0.5,0.57735,4,3.5,1.0,4,4.0,1.414214,4,21.25,4.272002,4
10^8 (Positive Control),100000000.0,75,0.75,0.5,4,3.75,0.5,4,4.5,0.57735,4,25.75,4.031129,4
10^8 (Positive Control),100000000.0,80,1.0,0.0,4,4.0,1.632993,4,5.0,1.632993,4,30.75,4.031129,4
10^8 (Positive Control),100000000.0,85,1.0,0.0,4,4.0,1.632993,4,5.0,1.632993,4,35.75,4.645787,4
10^8 (Positive Control),100000000.0,90,0.5,0.57735,4,4.5,1.0,4,5.0,0.816497,4,40.75,4.349329,4
10^8 (Positive Control),100000000.0,95,0.25,0.5,4,3.5,1.0,4,3.75,1.258306,4,44.5,3.316625,4
10^8 (Positive Control),100000000.0,100,0.25,0.5,4,3.5,1.0,4,3.75,1.258306,4,48.25,2.5,4
10^8 (Positive Control),100000000.0,105,0.25,0.5,4,3.0,2.0,4,3.25,2.217356,4,51.5,2.081666,4
10^8 (Positive Control),100000000.0,110,0.5,0.57735,4,2.25,2.629956,4,2.75,2.753785,4,54.25,3.86221,4
10^8 (Positive Control),100000000.0,115,0.5,0.57735,4,2.25,1.707825,4,2.75,1.258306,4,57.0,4.320494,4
10^8 (Positive Control),100000000.0,120,0.75,0.5,4,1.0,1.414214,4,1.75,1.5,4,58.75,4.573474,4
